ticker,cnpj,company_name,sector,industry,market_cap,revenue,operating_income,net_income,equity,total_cash,total_debt,roe,operating_margin,profit_margin,debt_to_equity,revenue_growth,earnings_growth,earnings_yield,book_to_price,sales_yield,ev_to_ebit,raw_pe,raw_pb,raw_ev_ebitda,enterprise_value,ebitda,fcf,beta,trailing_eps,book_value_per_share,fundamental_source
ABCB4,,Banco ABC Brasil S.A.,Financial Services,Banks - Regional,6472400384.0,2492614912.0,,1019867008.0,3570965412.448,13162109952.0,18647248896.0,0.14905,0.42564,0.40916002,5.221906891340281,0.122,-0.029,0.22191234382530456,1.1222310491928857,0.3851144496811154,,4.5062838,0.8910821,,11973168128.0,,,0.183,5.57,28.168,Yahoo Finance
ABEV3,,Ambev S.A.,Consumer Defensive,Beverages - Brewers,240805527552.0,88268292096.0,26785636352.0,16246909952.0,88105220484.66,18346395648.0,2948960000.0,0.184,0.23743,0.18406,0.0334708883739011,0.003,0.246,0.06594109916822558,0.3658770880559681,0.3665542605824909,8.458086001570159,15.165049,2.7331583,8.458,226555215872.0,26785636352.0,19859091456.0,0.251,1.03,5.715,Yahoo Finance
AGRO3,,BrasilAgro - Companhia Brasileira de Propriedades Agrícolas,Consumer Defensive,Farm Products,1867789824.0,893729984.0,26623000.0,-90009000.0,2025281856.267,184852000.0,1431864960.0,-0.04283,0.04636,-0.100710005,0.7069954019334443,-0.15,,-0.048190111565786106,1.0843199741498117,0.478496013050342,116.99669248394245,,0.922237,116.997,3114802944.0,26623000.0,-346158368.0,,-0.9,20.331,Yahoo Finance
AGXY3,,AgroGalaxy Participações S.A.,Basic Materials,Agricultural Inputs,16681441.0,1751248000.0,680817984.0,1226876032.0,-207618348.861,60084000.0,1004715008.0,-5.909285179901853,-0.39098,0.70057,-4.839239949223632,-0.638,,73.54736512271332,-12.44606799022938,104.98181781777726,1.40938171221987,,-0.08034667,1.409,959532416.0,680817984.0,-1581169152.0,-0.269,-188.83,-11.077,Yahoo Finance
ALLD3,,Allied Tecnologia S.A.,Technology,Software - Application,486524992.0,5532278784.0,521532992.0,363075008.0,1574153036.544,348803008.0,444688000.0,0.23627001,0.04368,0.065630004,0.2824934994734042,0.047,1.238,0.7297830216417884,3.2355028361285436,11.371006371652127,1.1167270200233086,1.3702703,0.30907097,1.117,582409984.0,521532992.0,458854624.0,0.452,3.7,16.404,Yahoo Finance
ALOS3,,Allos S.A.,Real Estate,Real Estate Services,14319039488.0,2976561920.0,2121271040.0,934540992.0,12853626398.5,44899000.0,7262720000.0,0.07586,0.45057,0.31397,0.565032760003632,0.034,0.608,0.0663639585304896,0.8976598635718587,0.20787441242092342,10.197650917819535,15.06842,1.1140077,10.198,21631981568.0,2121271040.0,1275234944.0,0.119,1.9,25.7,Yahoo Finance
ALPA4,,Alpargatas S.A.,Consumer Cyclical,Footwear & Accessories,9055489024.0,4826843136.0,829094976.0,701038016.0,1810905272.347,717699968.0,1401408000.0,0.18084998,0.17097001,0.14524001,0.7738715113373786,0.113,0.928,0.07426856970469183,0.3997749426982586,0.5330295385712788,11.744547133765288,13.464646,2.5014074,11.745,9737345024.0,829094976.0,388684128.0,0.58,0.99,5.329,Yahoo Finance
ALUP11,,Alupar Investimento S.A.,Utilities,Utilities - Renewable,16048633856.0,5009931776.0,3241288960.0,1386608000.0,9640596949.902,3618935040.0,14894602240.0,0.15841,0.5995,0.27677,1.5449875477007062,0.554,1.765,0.12368108041855161,0.8668346129834835,0.3121718534395355,8.063338910702981,8.085311,1.1536226,8.063,26135611392.0,3241288960.0,92562752.0,0.14,4.173,29.247,Yahoo Finance
AMBP3,,Ambipar Participações e Empreendimentos S.A.,Industrials,Waste Management,233700528.0,7243013120.0,1511120000.0,-102926000.0,1095053931.68,4684887040.0,12038006784.0,-0.01345,0.19054002,-0.01421,10.9930720631555,0.252,,-0.44041834599535007,4.685714596310224,30.992711835037017,5.730588935359203,,0.21341462,5.731,8659607552.0,1511120000.0,270498112.0,0.309,-0.06,0.656,Yahoo Finance
AMER3,,Americanas S.A.,Consumer Cyclical,Internet Retail,983204032.0,12769000448.0,776000000.0,0.0,4155088439.5,456000000.0,5564000256.0,0.0,-0.02362,-0.021930002,1.33908106578582,-0.017,,0.3136456298687995,4.226069354024169,12.987131899800834,7.84948981443299,3.1883116,0.2366265,7.849,6091204096.0,776000000.0,-544499968.0,-0.336,1.54,20.75,Yahoo Finance
ANIM3,,Ânima Holding S.A.,Consumer Defensive,Education & Training Services,1107130368.0,4148687104.0,1266364032.0,153832992.0,2417549591.5899997,1776907008.0,6017077248.0,0.09607001,0.26252002,0.03708,2.4889157471399064,0.044,2.052,0.13993173010751514,2.183617657457339,3.7472435260668417,4.66617037967168,7.146342,0.45795563,4.666,5909070336.0,1266364032.0,214091504.0,0.758,0.41,6.398,Yahoo Finance
ARML3,,"Armac Locação, Logística e Serviços S.A.",Industrials,Rental & Leasing Services,1311468672.0,1993250048.0,728860992.0,61978000.0,1374446829.54,900614976.0,3298129920.0,0.06273,0.22674,0.031089999,2.3996053169287155,0.209,,0.04749340494705554,1.0480210585159415,1.5198609700377197,5.336505318149884,21.055555,0.9541793,5.337,3889570560.0,728860992.0,119053000.0,0.1,0.18,3.972,Yahoo Finance
ASAI3,,Sendas Distribuidora S.A.,Consumer Defensive,Grocery Stores,13116250112.0,77566001152.0,6054000128.0,965000000.0,6332397318.115,4478000128.0,26993000448.0,0.16157,0.07145,0.01244,4.262682692190129,0.009,1.232,0.07331976037929192,0.4827902417856982,5.91373300216616,5.8900695259450115,13.638888,2.0712929,5.89,35658481664.0,6054000128.0,614091008.0,0.235,0.72,4.741,Yahoo Finance
AUAU3,,Uniao Pet Participacoes S.A.,Consumer Cyclical,Personal Services,3434567168.0,5017015808.0,628000000.0,192456000.0,3186282782.5899997,637235968.0,2236199936.0,0.09104,0.11331,0.03836,0.7018209269493287,1.355,0.222,0.05603500836819273,0.9310777168708116,1.4607417944082555,7.995396076433121,,1.0740242,7.995,5021108736.0,628000000.0,207989120.0,,,3.715,Yahoo Finance
AURE3,,Auren Energia S.A.,Utilities,Utilities - Renewable,12368479232.0,13469154304.0,3083714048.0,-1089422976.0,11507699754.864,3638808064.0,23654223872.0,-0.076799996,0.14119,-0.08088,2.055512776304577,0.059,,-0.08808059225110076,0.930405310604648,1.0889903319037242,10.905489550761356,,1.0748004,10.905,33629411328.0,3083714048.0,364952640.0,0.202,-1.04,11.016,Yahoo Finance
AXIA3,,AXIA Energia SA,Utilities,Utilities - Renewable,125748240384.0,44568350720.0,17948565504.0,12055711744.0,97828916834.673,23586426880.0,76453789696.0,0.10005999,0.40319002,0.2705,0.7815050209050549,0.097,,0.09543796050605406,0.7779744237796284,0.3544252435175292,11.702412656944109,10.478011,1.2853893,11.702,210041520128.0,17948565504.0,1264715264.0,0.215,5.23,42.633,Yahoo Finance
AXIA7,,AXIA Energia SA,Utilities,Utilities - Renewable,125756847077.0,44568350720.0,17948565504.0,12055711744.0,97515311068.5367,23586426880.0,76453789696.0,0.10005999,0.40319002,0.2705,0.784018313208948,0.097,,0.0958652512703215,0.7754274485653158,0.3544009869515186,11.731168646824468,,1.2896113,11.731,210557648896.0,17948565504.0,1264715264.0,0.215,,42.633,Yahoo Finance
AZEV3,,Azevedo & Travassos S.A.,Industrials,Engineering & Construction,769678016.0,549900032.0,24105000.0,-663766016.0,141061786.398,73738000.0,253264000.0,-1.11209,0.06227,-1.20707,1.7954118295753472,1.317,-0.986,-0.8623944067541095,0.5378612646032696,0.7144546428100137,39.37788973242066,,1.8592155,39.378,949204032.0,24105000.0,264956624.0,0.219,-22.55,3.722,Yahoo Finance
AZEV4,,Azevedo & Travassos S.A.,Industrials,Engineering & Construction,150153952.0,549900032.0,24105000.0,-663766016.0,272918207.014,73738000.0,253264000.0,-1.11209,0.06227,-1.20707,0.9279849914410738,1.317,-0.986,-4.420569736319694,2.7570368955499878,3.662241483993708,13.676827878033603,,0.36270824,13.677,329679936.0,24105000.0,264956624.0,0.219,-22.55,3.722,Yahoo Finance
AZTE3,,Azevedo & Travassos Energia S.A.,Energy,Oil & Gas E&P,63218192.0,3671000.0,-9839000.0,-10853000.0,285922279.04399997,2619000.0,7279000.0,-0.037957867558581736,-3.0996702,-2.95642,0.025457967194224308,0.173,,0.19620253909629895,4.522784499313961,0.05806872806485829,,5.096774,0.22110273,-6.899,67878192.0,-9839000.0,,,0.31,7.146,Yahoo Finance
AZZA3,,Azzas 2154 S.A.,Consumer Cyclical,Footwear & Accessories,3321750016.0,11365137408.0,1103817984.0,324176000.0,8040333128.486,952432000.0,3973318912.0,0.03958,0.0444,0.02852,0.4941734189996402,-0.082,-0.943,0.303712699448889,2.420511257483192,3.4214306775817294,5.746089616166283,3.2925854,0.41313586,5.746,6342637056.0,1103817984.0,837071360.0,0.018,4.99,39.769,Yahoo Finance
B3SA3,,"B3 S.A. - Brasil, Bolsa, Balcão",Financial Services,Financial Data & Stock Exchanges,86065651712.0,10777143296.0,7260534784.0,5329711104.0,18637596386.264,15663472640.0,15465590784.0,0.27714002,0.64725,0.49453998,0.829806079253772,0.088,0.33,0.057870370370370364,0.2165509313823076,0.12522002775350344,11.872012248732998,17.28,4.6178513,11.872,86197157888.0,7260534784.0,4277547008.0,0.113,1.0,3.742,Yahoo Finance
BBAS3,,Banco do Brasil S.A.,Financial Services,Banks - Regional,128392560640.0,75029250048.0,,16381933568.0,181981756224.228,295502970880.0,1075951304704.0,0.105459996,0.24253,0.21834,5.912413018908728,0.002,-0.138,0.09559804920708827,1.417385623712748,0.5843738116445436,,10.4604645,0.7055243,,913529307136.0,,,0.227,2.15,31.877,Yahoo Finance
BBDC3,,Banco Bradesco S.A.,Financial Services,Banks - Regional,172514017280.0,93278076928.0,,24318943232.0,90773443173.369,280313430016.0,838676250624.0,0.13763,0.34515,0.26071,9.23922483608124,0.072,0.178,0.13419118177410003,1.0507966004964635,0.5406985380011434,,7.4520545,0.95165896,,732332032000.0,,,0.221,2.19,17.149,Yahoo Finance
BBDC4,,Banco Bradesco S.A.,Financial Services,Banks - Regional,196509532160.0,93278076928.0,,24318943232.0,90503697394.80301,280313430016.0,838676250624.0,0.13763,0.34515,0.26071,9.2667622955276,0.072,0.178,0.11780527130288919,0.9224852268603344,0.4746745661785611,,8.4885845,1.0840282,,756327514112.0,,,0.221,2.19,17.149,Yahoo Finance
BBSE3,,BB Seguridade Participações S.A.,Financial Services,Insurance - Diversified,76679315456.0,10450822144.0,9979697152.0,9189316608.0,10890404331.84,6470633984.0,0.0,0.85944,0.964,0.87929,0.0,-0.009,-0.001,0.11974684080890907,0.14202532084230104,0.1362925853191383,7.035151764893957,8.350951,7.040998,7.035,70208684032.0,9979697152.0,5830927872.0,0.074,4.73,5.61,Yahoo Finance
BEEF3,,Minerva S.A.,Consumer Defensive,Packaged Foods,4095792640.0,57227616256.0,4844455936.0,458624992.0,1579805727.399,14934947840.0,29384437760.0,0.2322,0.068280004,0.00801,18.600032428277547,0.013,-0.575,0.09443098016052322,0.3857142994897964,13.97229334735071,3.952173723724422,10.589745,2.5925925,3.952,19146131456.0,4844455936.0,404387360.0,0.266,0.39,1.593,Yahoo Finance
BHIA3,,Grupo Casas Bahia S.A.,Consumer Cyclical,Specialty Retail,770451520.0,29731999744.0,-348000000.0,-13205999616.0,-8591548276.275,1296000000.0,10949999616.0,1.537091940979661,-0.46954,-0.44417,-1.2745083032633024,0.016,,-17.140597783491945,-11.151315888474073,38.5903576957055,,,-0.08967551,-29.873,10395645952.0,-348000000.0,2786249984.0,0.223,-10.96,-8.475,Yahoo Finance
BLAU3,,Blau Farmacêutica S.A.,Healthcare,Drug Manufacturers - Specialty & Generic,2351427072.0,1786128000.0,356223008.0,233831008.0,2333872056.048,884870016.0,853092992.0,0.10276,0.17128,0.13092,0.3655268890123147,0.047,-0.148,0.09921414460342519,0.9925344536003542,0.7595931939665956,6.4623701341604525,10.079208,1.0075217,6.462,2302044928.0,356223008.0,-132334624.0,0.471,1.01,10.104,Yahoo Finance
BMGB4,,Banco BMG S.A.,Financial Services,Banks - Regional,3912531712.0,2096654976.0,,632313024.0,1792057858.646,2740652032.0,17587191808.0,0.13986,0.44228,0.30158,9.813964277519538,-0.012,0.26,0.21510673058204655,1.2904761556333342,0.5358819123610978,,4.648855,0.77490777,,18781034496.0,,,0.376,1.31,7.859,Yahoo Finance
BMOB3,,Bemobi Mobile Tech S.A.,Communication Services,Entertainment,2191644672.0,1880563968.0,147664992.0,159702000.0,942732524.1,327964992.0,45493000.0,0.16359,0.106750004,0.08492,0.04825652964867302,0.217,-0.01,0.07194518410089132,0.4301484511128543,0.8580606117523051,13.08690742352798,13.899471,2.3247788,13.087,1932478080.0,147664992.0,23424750.0,0.078,1.89,11.3,Yahoo Finance
BPAC11,,Banco BTG Pactual S.A.,Financial Services,Capital Markets,204936642560.0,45732073472.0,,18199445504.0,55776227727.384,499620380672.0,505420185600.0,0.24406,0.52285,0.39796,9.061569887270414,0.109,0.208,0.010095363427732856,0.2743998621195573,0.22315225281692055,,99.055374,3.6443167,,302529970176.0,,,0.313,0.614,16.689,Yahoo Finance
BRAP4,,Bradespar S.A.,Financial Services,Asset Management,8860397568.0,,,584438976.0,5223820141.624001,254451008.0,4086000.0,0.0695,0.0,0.0,0.0007821861950112488,,-0.439,0.06211180124223602,0.908473807609958,,,16.1,1.1007472,,8610032640.0,,-63545124.0,0.548,1.4,20.477,Yahoo Finance
BRAV3,,Brava Energia S.A.,Energy,Oil & Gas E&P,8496493568.0,12338900992.0,4716587008.0,54457000.0,12282519616.880001,4614486016.0,18985000960.0,0.0044400003,0.31874,0.00441,1.545692704118193,0.145,-0.173,0.00546746826312366,1.4455986393100422,1.4522344886449987,4.8482106763247055,182.90001,0.69175494,4.848,22867007488.0,4716587008.0,1393503872.0,-0.244,0.1,26.44,Yahoo Finance
BRBI11,,BRBI BR Partners S.A.,Financial Services,Capital Markets,,-11578431488.0,,159559008.0,,14837888000.0,17337980928.0,0.19736,0.32103002,0.0,,-0.066,-0.224,0.030303030303030304,0.5311294435749856,,,33.0,1.8827802,,4024630528.0,,,0.144,0.44,7.712,Yahoo Finance
BRKM5,,Braskem S.A.,Basic Materials,Chemicals,4200023296.0,70602997760.0,8344999936.0,-5539999744.0,-5449193284.08,5928000000.0,68296998912.0,1.016664202421539,0.17352,-0.07847,-12.533414645344287,0.216,,-1.3190402418186968,-1.2974197760449755,16.81014432163759,7.917230367729508,,-0.33371326,7.917,66069286912.0,8344999936.0,-7604749824.0,0.684,-6.95,-15.792,Yahoo Finance
BRSR6,,Banco do Estado do Rio Grande do Sul S.A.,Financial Services,Banks - Regional,6253219328.0,7334586880.0,,1641805056.0,5865660879.745,6962681856.0,36434948096.0,0.14481,0.16420999,0.22384001,6.21156743340129,-0.115,-0.292,0.2622629362701327,1.8941138820061,1.1729297335146982,,3.8129673,0.52795136,,35729240064.0,,,0.156,4.01,28.961,Yahoo Finance
CAML3,,Camil Alimentos S.A.,Consumer Defensive,Packaged Foods,1824731008.0,11095651328.0,808681024.0,110276000.0,2988807206.016,1455809024.0,5946954240.0,0.0341,0.05231,0.00994,1.9897416695294747,-0.007,-0.585,0.0560747705476464,1.6379438203287011,6.080705199481106,7.810633429677212,17.833332,0.61052155,7.811,6316311040.0,808681024.0,-242458368.0,0.298,0.3,8.763,Yahoo Finance
CASH3,,Méliuz S.A.,Communication Services,Internet Content & Information,546902272.0,495894016.0,100455000.0,-100710000.0,395123834.63600004,112637000.0,3000.0,-0.20842,0.11344,-0.20309,7.592556401371459e-06,0.182,,-0.184146245419145,0.7224761685817223,0.9067324115998553,4.860455168981136,,1.3841287,4.86,488257024.0,100455000.0,29781000.0,0.815,-0.93,3.793,Yahoo Finance
CBAV3,,Companhia Brasileira de Alumínio,Basic Materials,Aluminum,7311546368.0,9321967616.0,1491926016.0,597929984.0,5064043437.266,1810013952.0,4716751872.0,0.14575,0.16893,0.06414,0.9314201053825286,0.281,,0.08192342437292328,0.6926091264550506,1.2749652599891712,7.0013349723636695,12.206521,1.4438158,7.001,10445473792.0,1491926016.0,598254848.0,1.009,0.92,7.778,Yahoo Finance
CEAB3,,C&A Modas S.A.,Consumer Cyclical,Specialty Retail,2768190464.0,8014325760.0,1003480000.0,562297024.0,3752896147.1480002,781976000.0,2725574912.0,0.15493,0.15468,0.07016,0.7262590823546479,0.012,-0.095,0.19893048209191,1.3557218137470055,2.8951496886595733,4.732254442539961,5.0268817,0.73761445,4.732,4748722688.0,1003480000.0,218054880.0,0.795,1.86,12.676,Yahoo Finance
CMIG3,,Companhia Energética de Minas Gerais - CEMIG,Utilities,Utilities - Regulated Electric,50090541056.0,43739537408.0,7890142208.0,4595104768.0,9758294747.579,3082108928.0,22749945856.0,0.15944,0.15578,0.105059996,2.331344404373949,0.034,-0.204,0.09251856061103697,0.5825813761317808,0.8732095219155303,8.841777720212162,10.808642,1.7164984,8.842,69762883584.0,7890142208.0,-3181103360.0,0.048,1.62,10.201,Yahoo Finance
CMIG4,,Companhia Energética de Minas Gerais - CEMIG,Utilities,Utilities - Regulated Electric,32754808832.0,43739537408.0,7890142208.0,4595104768.0,19423521140.904,3082108928.0,22749945856.0,0.15944,0.15578,0.105059996,1.17125755371362,0.034,-0.204,0.14148472085276803,0.8909170913445713,1.3353623167926538,6.644639339813532,7.067901,1.1224389,6.645,52427149312.0,7890142208.0,-3181103360.0,0.048,1.62,10.201,Yahoo Finance
CMIN3,,CSN Mineração S.A.,Basic Materials,Steel,36096425984.0,17392873472.0,5918235136.0,2333062912.0,7299857271.942,7939402240.0,9118186496.0,0.28136,0.21728,0.13414,1.24909106525233,-0.105,0.907,0.047619047619047616,0.20223214539407292,0.4818447532647558,6.333533378556185,21.0,4.9448123,6.334,37483339776.0,5918235136.0,352687008.0,0.92,0.32,1.359,Yahoo Finance
COGN3,,Cogna Educação S.A.,Consumer Defensive,Education & Training Services,4669836288.0,7831289856.0,1854998016.0,701928000.0,13752968193.756,1431485056.0,6816978944.0,0.04926,0.17608,0.08963,0.49567328651970444,0.178,0.34,0.1545064430731826,2.9450643886789956,1.6769945182283872,5.422891199469617,6.472222,0.33955115,5.423,10059452416.0,1854998016.0,508353632.0,0.215,0.36,6.862,Yahoo Finance
CPFE3,,CPFL Energia S.A.,Utilities,Utilities - Regulated Electric,52473667584.0,45612396544.0,13895108608.0,6004880896.0,22716696284.6,3988265984.0,36626141184.0,0.27276,0.26161,0.13165,1.6123005178719332,0.053,0.215,0.11440491767250517,0.4329161190818906,0.8692435395521676,6.1941989950655305,8.740883,2.3099163,6.194,86069067776.0,13895108608.0,-15126375.0,0.104,5.21,19.715,Yahoo Finance
CPLE3,,Companhia Paranaense de Energia - COPEL,Utilities,Utilities - Regulated Electric,47394983936.0,27985377280.0,6831488000.0,3172987904.0,22574979720.384003,3272766976.0,23569670144.0,0.12764,0.2214,0.11406,1.0440616308823456,0.111,0.5,0.0670426103388957,0.4763157926073407,0.5904712894889924,10.389547582020198,14.915887,2.0994475,10.39,70976069632.0,6831488000.0,3834806272.0,0.264,1.07,7.602,Yahoo Finance
CSAN3,,Cosan S.A.,Energy,Oil & Gas Refining & Marketing,14595993600.0,40083075072.0,14518722560.0,-8892040192.0,4970527311.96,4743000064.0,12037999616.0,-0.27222002,0.30708998,-0.22184,2.421875760954852,0.265,17.654,-0.6092110229481055,0.340540533177502,2.7461696798770863,1.5076502069339082,,2.936508,1.508,21889155072.0,14518722560.0,-1259318656.0,0.485,-2.9,1.26,Yahoo Finance
CSED3,,Cruzeiro do Sul Educacional S.A.,Consumer Defensive,Education & Training Services,1946657280.0,2925590016.0,692342976.0,309939008.0,1675802111.5440001,865947008.0,2454320896.0,0.19259001,0.20492001,0.10594,1.4645648666349462,0.082,0.606,0.15917602847213458,0.8608613847885104,1.5028788303198393,5.105896092748112,6.282353,1.1616272,5.106,3535031296.0,692342976.0,330340128.0,0.427,0.85,4.597,Yahoo Finance
CSMG3,,Companhia de Saneamento de Minas Gerais,Utilities,Utilities - Regulated Water,21215201280.0,8688549888.0,2886625024.0,1293036032.0,8853507209.07,1384306048.0,9370937344.0,0.1497,0.20989999,0.14882,1.0584435210489147,0.147,-0.212,0.06094727299045413,0.41731907548801295,0.40954359910744154,10.11625399669507,16.407625,2.396248,10.116,29201831936.0,2886625024.0,-761662848.0,0.247,3.41,23.349,Yahoo Finance
CSNA3,,Companhia Siderúrgica Nacional,Basic Materials,Steel,8831785984.0,45106970624.0,7378395136.0,-2626882048.0,12166911963.725,14135023616.0,54406230016.0,-0.12294,0.08567,-0.05824,4.4716547779920885,0.057,,-0.29743497552578374,1.3776277388100466,5.107344166368785,7.071596777112481,,0.7258855,7.072,52177035264.0,7378395136.0,-2367489280.0,1.435,-1.98,9.175,Yahoo Finance
CURY3,,Cury Construtora e Incorporadora S.A.,Real Estate,Real Estate - Development,9802074112.0,6139806208.0,1528724992.0,1098648064.0,1655139722.562,1566100992.0,1343154944.0,0.68527,0.22939,0.17894,0.8115054733390864,0.255,0.082,0.11470773387071613,0.16885606852246804,0.6263782682976718,6.523701759433262,8.717808,5.9222035,6.524,9972945920.0,1528724992.0,940452736.0,0.032,3.65,5.373,Yahoo Finance
CVCB3,,CVC Brasil Operadora e Agência de Viagens S.A.,Consumer Cyclical,Travel Services,838485760.0,1474999040.0,273627008.0,-131925000.0,322895124.56,175763008.0,540771968.0,-0.33345002,0.04773,-0.08944,1.674760400104816,-0.045,,0.018633539909725716,0.3850931964044619,1.7591223493169401,4.398304073843471,53.666668,2.596774,4.398,1203494784.0,273627008.0,273713984.0,0.504,0.03,0.62,Yahoo Finance
CXSE3,,Caixa Seguridade Participações S.A.,Financial Services,Insurance - Diversified,59459997696.0,5995810816.0,4886031872.0,4522960896.0,13794000000.0,1255443968.0,9660000.0,0.33348998,0.82413,0.75434995,0.0007003044802087865,0.11,0.128,0.07618566996306823,0.231987880953099,0.10083772365170056,11.914415870597088,13.125828,4.31057,11.914,58214215680.0,4886031872.0,3074638592.0,0.073,1.51,4.598,Yahoo Finance
CYRE3,,Cyrela Brazil Realty S.A. Empreendimentos e Participações,Consumer Cyclical,Residential Construction,9371867136.0,9891042304.0,1604488960.0,2039668992.0,9248809990.731,4075608064.0,9054868480.0,0.20593001,0.15767999,0.20621,0.9790306524920108,0.177,0.164,0.17905276076080234,0.9868695038770156,1.055397196787575,10.95635461150197,5.584946,1.0133052,10.956,17579350016.0,1604488960.0,-1742768000.0,0.099,4.65,25.629,Yahoo Finance
CYRE4,,Cyrela Brazil Realty S.A. Empreendimentos e Participações,Consumer Cyclical,Residential Construction,11235367032.0,9891042304.0,1604488960.0,2039668992.0,11610936713.109585,4075608064.0,9054868480.0,0.20593001,0.15767999,0.20621,0.7798568456390259,0.177,0.164,0.18154004103210147,1.0334274510160555,0.8803488373658678,10.638598428249702,,0.9676538,10.639,17069513728.0,1604488960.0,-1742768000.0,0.099,,25.629,Yahoo Finance
DASA3,,Diagnósticos da América S.A.,Healthcare,Diagnostics & Research,3312040960.0,9324487680.0,1477895040.0,-892902976.0,6840301381.3289995,958700992.0,7672385024.0,-0.12092,0.10771,-0.096,1.1216442955192327,-0.098,,-0.26959297508204727,2.065283017917115,2.815329820075655,6.80102008867964,,0.48419514,6.801,10051193856.0,1477895040.0,489755488.0,0.327,-0.71,5.473,Yahoo Finance
DESK3,,Desktop S.A.,Communication Services,Telecom Services,2243901696.0,1269847040.0,615406976.0,55865000.0,1430981435.18,491900992.0,1776641024.0,0.04651,0.30884,0.04399,1.2415542091058087,0.081,-0.5,0.02487046714596368,0.6377202063815641,0.565910281303161,5.791453049761984,40.208332,1.5680858,5.791,3564100608.0,615406976.0,118278376.0,0.212,0.48,12.308,Yahoo Finance
DIRR3,,Direcional Engenharia S.A.,Real Estate,Real Estate - Development,5432869376.0,4827458048.0,1217927040.0,855892992.0,2322071637.75,2454206976.0,3179394048.0,0.41882,0.2214,0.17729999,1.3692058402990155,0.201,0.086,0.15568290070871527,0.4274116166203281,0.888565086678793,5.402543232803174,6.423313,2.339665,5.403,6579903488.0,1217927040.0,-1037024640.0,0.245,1.63,4.475,Yahoo Finance
DXCO3,,Dexco S.A.,Basic Materials,Lumber & Wood Production,5038682112.0,8474588160.0,1895437056.0,-36063000.0,6923421744.672,2677775104.0,8774855680.0,0.0073,0.056760002,-0.00426,1.2674160268732426,0.052,,-0.007157228655904538,1.3740540668290433,1.6819056990749885,6.128897815533685,,0.7277734,6.129,11616940032.0,1895437056.0,10151750.0,0.425,-0.04,7.626,Yahoo Finance
ECOR3,,EcoRodovias Infraestrutura e Logística S.A.,Industrials,Infrastructure Operations,5662356992.0,11891030016.0,5261095936.0,546745024.0,4113903930.5639997,4889879040.0,29215342592.0,0.12307,0.33336,0.04593,7.101610315920697,0.087,-0.897,0.09705159204402104,0.7265356238579768,2.1000141871662477,5.7541335387654104,10.303798,1.376395,5.754,30273048576.0,5261095936.0,-2380126464.0,0.573,0.79,5.914,Yahoo Finance
EGIE3,,Engie Brasil Energia S.A.,Utilities,Utilities - Renewable,43553734656.0,13680974848.0,7469018112.0,3959344896.0,18615502317.36,6530681856.0,33147752448.0,0.2859,0.46243,0.28941,1.7806531289294225,0.138,2.7,0.11186992481110485,0.4274146308729709,0.314117146464162,8.411315494745448,8.938953,2.3396485,8.411,62824267776.0,7469018112.0,3423348224.0,0.318,3.44,13.143,Yahoo Finance
EMBJ3,,Embraer S.A.,Industrials,Aerospace & Defense,69005107200.0,44127916032.0,4756832256.0,2329171968.0,17906157630.855,11174525952.0,13665290240.0,0.12189999,0.12979001,0.05278,0.7631615068803288,0.104,1.139,0.032494326571816376,0.25949040754784936,0.6394876817465476,15.434706234888095,30.774603,3.853707,15.435,73420308480.0,4756832256.0,1674840704.0,0.687,3.15,25.155,Yahoo Finance
ENEV3,,Eneva S.A.,Utilities,Utilities - Diversified,52540686336.0,19136661504.0,6085488128.0,962659968.0,20434410437.133,2536866048.0,26299074560.0,0.071490005,0.18917999,0.050300002,1.286999428777737,0.131,-0.915,0.01827485380116959,0.38892542627199034,0.3642255714289724,12.775322048249668,54.72,2.571187,12.775,77744070656.0,6085488128.0,-3266925568.0,0.307,0.5,10.641,Yahoo Finance
ENGI11,,Energisa S.A.,Utilities,Utilities - Regulated Electric,15807265792.0,36704055296.0,8387615232.0,1516834944.0,23332852786.194,9454823424.0,45682962432.0,0.09408,0.20114,0.04133,1.9578815694166,0.079,,0.02673900315712758,0.9889943717319298,2.3219736910209856,7.085258930484998,37.398552,1.0111281,7.085,59428425728.0,8387615232.0,-6184883712.0,0.07,1.38,51.042,Yahoo Finance
ENJU3,,Enjoei S.A.,Consumer Cyclical,Internet Retail,157863840.0,284230016.0,-60724000.0,-43344000.0,208093259.85,182028000.0,7449000.0,-0.16861,-0.56522,-0.20105,0.03579645013668135,0.24,,-0.27456572702146353,1.3181818002066117,1.8004757517617713,,,0.7586207,0.275,-16715148.0,-60724000.0,-30004250.0,0.829,-0.21,1.015,Yahoo Finance
EQTL3,,Equatorial S.A.,Utilities,Utilities - Regulated Electric,49812246528.0,54713131008.0,11680036864.0,712227968.0,26153626565.598003,8964774912.0,65138839552.0,0.050029997,0.18372999,0.01752,2.49062360008162,0.102,-0.549,0.014123581621661168,0.5250441325845644,1.0983871401432408,9.291470334866231,70.80357,1.9046018,9.291,108524716032.0,11680036864.0,3604028672.0,0.015,0.56,20.818,Yahoo Finance
EVEN3,,Even Construtora e Incorporadora S.A.,Real Estate,Real Estate - Development,807501568.0,1544429952.0,244996000.0,198104000.0,1924313917.068,786990976.0,1485643008.0,0.1113,0.08525,0.12827,0.7720377610029525,-0.647,-0.375,0.3022112829796751,2.3830466250221325,1.9126030378184975,7.695731718068866,3.3089433,0.4196309,7.696,1885423488.0,244996000.0,73220496.0,0.158,1.23,9.699,Yahoo Finance
EZTC3,,EZTEC Empreendimentos e Participações S.A.,Real Estate,Real Estate - Development,3630629888.0,1437549952.0,333572000.0,531142016.0,5232378044.355,1793574016.0,1816470016.0,0.10551,0.13019,0.36948,0.3471595516611641,-0.161,-0.225,0.12605041910882,1.4411763688581387,0.3959505640471387,11.20121794395213,7.9333334,0.6938776,11.201,3736412672.0,333572000.0,451775872.0,0.452,1.65,18.865,Yahoo Finance
FASA3,,Fasa S.A.,Communication Services,Telecom Services,9211063.0,77084000.0,-22990000.0,-23420000.0,38861913.63,661000.0,18808000.0,-1.5416,-0.44519,-0.30382,0.4839699912636546,,,-2.542594703781746,4.219047726331976,8.368632371746887,,,0.23702031,-1.133,26042196.0,-22990000.0,-72466752.0,-0.173,-0.8,0.886,Yahoo Finance
FESA4,,Cia de Ferro Ligas da Bahia S.A. - FERBASA,Basic Materials,Steel,1958654720.0,2175078912.0,111965000.0,147516000.0,2146295719.9999998,796387008.0,391535008.0,0.04439,-0.01258,0.06782,0.18242360749803854,-0.181,-0.76,0.07093425090097139,1.678200547449157,1.1104963472071279,13.89392013575671,14.097562,0.59587634,13.894,1555632768.0,111965000.0,-100030624.0,0.225,0.41,9.7,Yahoo Finance
FIQE3,,Unifique Telecomunicações S.A.,Communication Services,Telecom Services,1958901760.0,1303484032.0,580076992.0,223743008.0,1215843212.668,675537984.0,1287837952.0,0.18125999,0.24268,0.17165,1.0592138349598692,0.205,0.018,0.12127236050101009,0.6206759061309621,0.6654157235531811,4.430841125310483,8.245902,1.6111468,4.431,2570228992.0,580076992.0,205503744.0,0.162,0.61,3.122,Yahoo Finance
FLRY3,,Fleury S.A.,Healthcare,Diagnostics & Research,11448768512.0,8791348224.0,1975149056.0,704307968.0,4988857710.816,1899128960.0,5408985088.0,0.12618,0.17142001,0.08011,1.0842131408705344,0.144,0.457,0.05508072300278951,0.4357550054632784,0.7678859271881835,7.639259322816394,18.155172,2.2948675,7.639,15088675840.0,1975149056.0,840416128.0,,1.16,9.177,Yahoo Finance
FRAS3,,Frasle Mobility S.A.,Consumer Cyclical,Auto Parts,6387027456.0,5433865216.0,919457024.0,292940000.0,2520143971.917,1349129984.0,2860477952.0,0.124060005,0.15749,0.05391,1.1350454513216235,0.018,1.55,0.04342162396873643,0.3945722639372788,0.8507659084658239,8.610889933230855,23.03,2.53439,8.611,7917343232.0,919457024.0,1030375232.0,0.026,1.0,9.087,Yahoo Finance
GFSA3,,Gafisa S.A.,Consumer Cyclical,Residential Construction,47210200.0,492782016.0,-367739008.0,-611320000.0,9842381974.8,28799000.0,1627348992.0,-0.34651002,-0.08289,-1.24055,0.1653409709323,-0.559,,-12.948896636743754,208.4799946662478,10.438041270742339,,,0.0047966233,-4.367,1605931264.0,-367739008.0,42980124.0,0.185,-74.47,62.544,Yahoo Finance
GGBR4,,Gerdau S.A.,Basic Materials,Steel,51203039232.0,69543739392.0,9993178112.0,2237081088.0,33955253986.394,5449220096.0,15170434048.0,0.041810002,0.12746,0.03217,0.4467772219898237,0.02,0.735,0.04406129913683034,1.0449807796685195,1.3581955375128931,6.119216560202144,22.695654,0.9569554,6.119,61150420992.0,9993178112.0,2647796480.0,0.894,1.15,27.274,Yahoo Finance
GGPS3,,GPS Participações e Empreendimentos S.A.,Industrials,Specialty Business Services,9818173440.0,17962420224.0,2084051968.0,915632000.0,4496798860.799,4077675008.0,6234079232.0,0.22337,0.12874,0.050970003,1.3863371311413997,0.07,2.077,0.09655172280618313,0.4580076593536889,1.8295073247351394,5.759553696503599,10.357143,2.1833696,5.76,12003209216.0,2084051968.0,699137728.0,0.27,1.26,5.977,Yahoo Finance
GMAT3,,Grupo Mateus S.A.,Consumer Cyclical,Department Stores,11226377216.0,40568193024.0,2378043904.0,1620167040.0,11173466349.828001,1631590016.0,6883795968.0,0.14265999,0.051149998,0.03994,0.616084190212464,0.122,-0.408,0.14754098529965065,0.9952868192673594,3.613649554388891,7.422658100764821,6.7777777,1.0047355,7.423,17651406848.0,2378043904.0,968797888.0,0.477,0.72,4.857,Yahoo Finance
GOAU4,,Metalurgica Gerdau S.A.,Basic Materials,Steel,15382861824.0,69543739392.0,9845697536.0,794483008.0,12153772029.359999,5471215104.0,15170434048.0,0.04168,0.12823,0.011419999,1.2482078824049536,0.02,0.732,0.05159071455873972,1.2502149744648594,4.520858354425274,6.057897611206894,19.383333,0.79986244,6.058,59644227584.0,9845697536.0,2672468992.0,0.857,0.6,14.54,Yahoo Finance
GRND3,,Grendene S.A.,Consumer Cyclical,Footwear & Accessories,3374078464.0,2584340992.0,275390016.0,644808000.0,3153951360.0,1058073984.0,70567000.0,0.17924,0.08727,0.24951,0.022374156080834425,-0.18,-0.245,0.1711229946524064,0.9347594022774479,0.7659398024005171,11.712771344622748,5.84375,1.069794,11.713,3225580288.0,275390016.0,1214306688.0,0.4,0.64,3.496,Yahoo Finance
HAPV3,,Hapvida Participações e Investimentos S.A.,Financial Services,Insurance - Life,3197341696.0,31855859712.0,2590641920.0,-173622000.0,48062270438.450005,7887419904.0,15852745728.0,-0.00358,0.38616002,-0.00545,0.3298376373688277,0.413,,-0.054301984744767176,15.031947397804554,9.963232816765544,4.30927730529428,,0.06652498,4.309,11163794432.0,2590641920.0,-515316128.0,0.195,-0.36,101.165,Yahoo Finance
HBOR3,,Helbor Empreendimentos S.A.,Real Estate,Real Estate Services,285291296.0,1102979968.0,118237000.0,4557000.0,1448218081.368,238547008.0,2045607936.0,0.02323,0.06549,0.00413,1.4124999282343582,-0.255,-0.646,0.013953487723093594,5.076278701914315,3.866153589207292,29.38884849920076,71.66667,0.1969947,29.389,3474849280.0,118237000.0,-398253376.0,1.087,0.03,10.914,Yahoo Finance
HBRE3,,HBR Realty Empreendimentos Imobiliários S.A.,Real Estate,Real Estate Services,274972896.0,558451968.0,189375008.0,36482000.0,1783307238.336,158772000.0,1708547968.0,0.03977,0.49716,0.06533,0.9580783004022584,0.114,,0.13108613250291143,6.485393014168119,2.0309345980048885,14.057805304488753,7.628572,0.15419266,14.058,2662196992.0,189375008.0,285926880.0,0.508,0.35,17.316,Yahoo Finance
HBSA3,,Hidrovias do Brasil S.A.,Industrials,Integrated Freight & Logistics,4570885120.0,2246341120.0,815710976.0,47353000.0,2090908122.291,747587008.0,3265442048.0,0.022060001,0.33938,-0.055219997,1.5617338768678501,0.067,0.683,0.005952380952380952,0.45744044960175,0.49144554304615734,8.690260487557788,168.0,2.1860769,8.69,7088740864.0,815710976.0,445987744.0,0.343,0.02,1.537,Yahoo Finance
HYPE3,,Hypera S.A.,Healthcare,Drug Manufacturers - Specialty & Generic,16022948864.0,8818791424.0,2720952064.0,1744487040.0,14431213081.545,1578512000.0,7689572864.0,0.13163,0.28667,0.19823,0.5328431380334631,0.085,0.045,0.11599297175385549,0.9006591023310859,0.5503850445290918,8.134624689955581,8.621212,1.110298,8.135,22133923840.0,2720952064.0,684217728.0,0.109,2.64,20.499,Yahoo Finance
IGTI11,,Iguatemi S.A.,Real Estate,Real Estate Services,,1523744000.0,995592000.0,638571008.0,,2298068992.0,4437838848.0,0.13515,0.64286005,0.41908002,,-0.015,-0.354,0.006252397794554212,0.6388953346329317,,9.911207579008268,159.93864,1.5652016,9.911,9867518976.0,995592000.0,737248896.0,0.08,0.163,16.656,Yahoo Finance
INTB3,,Intelbras S.A. - Indústria de Telecomunicação Eletrônica Brasileira,Industrials,Building Products & Equipment,4931071488.0,4552335872.0,569356032.0,596331008.0,3302541733.23,1445232000.0,875651968.0,0.18591,0.121750005,0.13099,0.265144860756561,-0.078,0.143,0.12143332120619231,0.6697412253853355,0.9231940528703201,7.700110654136356,8.234972,1.493114,7.7,4384104448.0,569356032.0,769173760.0,-0.029,1.83,10.093,Yahoo Finance
IRBR3,,IRB-Brasil Resseguros S.A.,Financial Services,Insurance - Reinsurance,4905030656.0,4917776896.0,553822976.0,240588000.0,5298699002.88,4468973056.0,286660992.0,0.04567,-0.045100003,0.04892,0.05410025967585463,-0.23,,0.048651331572349736,1.08025814626449,1.0025986055733227,1.3545105069819277,20.554422,0.92570466,1.355,750159040.0,553822976.0,400367264.0,0.704,2.94,65.28,Yahoo Finance
ISAE4,,ISA Energía Brasil S.A.,Utilities,Utilities - Independent Power Producers,19560726528.0,10674519040.0,4684274176.0,2817168896.0,15644185246.207998,1757264000.0,17725698048.0,0.13186,0.50495,0.26392,1.133053448871461,0.813,2.2,0.15404041065324994,1.2132756622968521,0.5457117875821264,7.376636481493606,6.491803,0.824215,7.377,34554187776.0,4684274176.0,1482226688.0,0.116,4.27,33.632,Yahoo Finance
ITSA4,,Itaúsa S.A.,Industrials,Conglomerates,159032295424.0,8474999808.0,1934000000.0,18161000448.0,61543248902.715996,6531999744.0,12147000320.0,0.18924999,0.096370004,2.14289,0.19737340060160416,0.052,0.284,0.11416490824166747,0.5897815973868901,0.053291061324396975,87.61080534436401,8.759259,1.6955429,87.611,169439297536.0,1934000000.0,-1008499968.0,0.246,1.62,8.369,Yahoo Finance
ITUB3,,Itaú Unibanco Holding S.A.,Financial Services,Banks - Regional,513949925376.0,143713992704.0,,46827999232.0,111000983482.543,484164993024.0,1115894054912.0,0.21476,0.39073002,0.32584,10.05301052208691,0.175,0.081,0.09007076139156443,0.42374008935492014,0.2796264492087638,,11.102382,2.3599372,,1155925934080.0,,,0.144,4.2,19.759,Yahoo Finance
ITUB4,,Itaú Unibanco Holding S.A.,Financial Services,Banks - Regional,470964600832.0,143713992704.0,,46827999232.0,106780196074.835,484164993024.0,1115894054912.0,0.21476,0.39073002,0.32584,10.450384021864368,0.175,0.081,0.09829159380802276,0.46241517224872686,0.30514818406758537,,10.17381,2.1625588,,1112940609536.0,,,0.144,4.2,19.759,Yahoo Finance
JALL3,,Jalles Machado S/A,Consumer Defensive,Confectioners,750853632.0,1984231936.0,807641024.0,-50626000.0,1936237550.5440001,1638480000.0,4682607104.0,-0.02579,-0.17209,-0.025510002,2.418405274024557,-0.326,,-0.06742459228058978,2.5787149515569054,2.642634797829679,4.698845768389298,,0.38779005,4.699,3794980608.0,807641024.0,-31155750.0,0.071,-0.17,6.421,Yahoo Finance
JHSF3,,JHSF Participações S.A.,Real Estate,Real Estate - Development,7996176896.0,4052741888.0,2057853056.0,2131408000.0,7447097531.7,4291578112.0,6793206784.0,0.29331,0.48852003,0.52592,0.9121952217066329,0.885,0.902,0.2549342069622685,0.931332223247412,0.506834946338836,5.322487181514286,3.9225807,1.0737307,5.322,10952896512.0,2057853056.0,1666673408.0,0.47,3.1,11.325,Yahoo Finance
JSLG3,,JSL S.A.,Industrials,Integrated Freight & Logistics,1703652480.0,9810481152.0,1498946048.0,-104482000.0,1182854160.965,1490705024.0,7711862784.0,-0.06961,0.11145,-0.010650001,6.519707195102128,0.049,-0.44,-0.06132823520440037,0.6943048602381674,5.758499029097766,5.286921601063523,,1.4402895,5.287,7924810240.0,1498946048.0,1550188928.0,0.354,-0.37,4.145,Yahoo Finance
KEPL3,,Kepler Weber S.A.,Industrials,Farm & Heavy Construction Machinery,1148698240.0,1439127040.0,183994000.0,139768000.0,797678225.204,354217984.0,341390016.0,0.18312,0.05286,0.09712,0.42797961034061344,-0.039,-0.562,0.12066365007541478,0.6944192717458436,1.2528329807487126,6.173408958987793,8.2875,1.4400522,6.173,1135870208.0,183994000.0,9124375.0,0.05,0.8,4.604,Yahoo Finance
KLBN11,,Klabin S.A.,Basic Materials,Paper & Paper Products,138852450304.0,20688439296.0,6664628224.0,176927008.0,9365942364.064,10108760064.0,36700041216.0,0.036510002,0.12394,0.00855,3.918456871655934,-0.018,-0.517,0.033828043664697514,0.394524053480576,0.14899585315711217,8.57119555480849,29.561272,2.5346997,8.571,57123831808.0,6664628224.0,2128736640.0,0.021,0.661,7.709,Yahoo Finance
KLBN3,,Klabin S.A.,Basic Materials,Paper & Paper Products,24972503040.0,20688439296.0,6664628224.0,176927008.0,17643177857.422,10108760064.0,36700041216.0,0.036510002,0.12394,0.00855,2.0801264665912385,-0.018,-0.517,0.007352941176470588,1.8894608706824638,0.8284487647418463,5.7166098224056014,136.0,0.5292515,5.717,38099079168.0,6664628224.0,2128736640.0,0.021,0.03,7.709,Yahoo Finance
KLBN4,,Klabin S.A.,Basic Materials,Paper & Paper Products,23564738560.0,20688439296.0,6664628224.0,176927008.0,29541389663.175,10108760064.0,36700041216.0,0.036510002,0.12394,0.00855,1.2423261611740852,-0.018,-0.517,0.007792207994602805,2.0023376892053935,0.8779405399861988,5.674141797110392,128.33333,0.49941626,5.674,37816045568.0,6664628224.0,2128736640.0,0.021,0.03,7.709,Yahoo Finance
LAVV3,,Lavvi Empreendimentos Imobiliários S.A.,Real Estate,Real Estate Services,2098231808.0,1813208960.0,358144000.0,361088000.0,1448267891.84,937393024.0,1475431040.0,0.23990999,0.19179001,0.19914,1.018755610279732,0.028,-0.303,0.17209302949918898,0.6902325400329696,0.8641604579087574,8.116590421729807,5.8108106,1.4487871,8.117,2906908160.0,358144000.0,-819651264.0,0.424,1.85,7.42,Yahoo Finance
LEVE3,,MAHLE Metal Leve S.A.,Consumer Cyclical,Auto Parts,4405017600.0,5359446016.0,955812992.0,697011968.0,964224446.0,488593984.0,1644939008.0,0.81636,0.17118,0.13005,1.7059710680681084,-0.027,0.258,0.15815383861112461,0.21889230599235635,1.2166684682485718,5.820810738676379,6.3229575,4.5684566,5.821,5563606528.0,955812992.0,392102496.0,0.327,5.14,7.114,Yahoo Finance
LIGT3,,Light S.A.,Utilities,Utilities - Renewable,6072273408.0,15639898112.0,1609383936.0,2414539008.0,40434577672.368,1854622976.0,9534141440.0,0.32412,0.00034000003,0.15438,0.23579178982040908,0.098,,0.39787798936177704,6.658885980361481,2.5756248214046162,8.542710146698022,2.5133333,0.15017527,8.543,13748500480.0,1609383936.0,-842295616.0,0.619,1.5,25.104,Yahoo Finance
LJQQ3,,Lojas Quero-Quero S.A.,Consumer Cyclical,Specialty Retail,281407488.0,2872147968.0,49468000.0,-197696992.0,292374092.619,601606016.0,2311027968.0,-0.50551,-0.00317,-0.06883,7.904352767026996,0.088,,-0.7025292518157867,1.0389705920932364,10.20636653421248,40.2447934017951,,0.96249115,40.245,1990829440.0,49468000.0,53060000.0,0.338,-0.96,1.413,Yahoo Finance
LOGG3,,LOG Commercial Properties e Participações S.A.,Real Estate,Real Estate Services,2076123776.0,273552000.0,16707000.0,374063008.0,3503818113.969,250199008.0,2273096960.0,0.10479999,-1.64653,1.36743,0.6487485611589344,0.076,-0.331,0.17903564241569214,1.6876729632732321,0.13176093023078023,247.4805032621057,5.58548,0.59253186,247.481,4134656768.0,16707000.0,669249856.0,0.392,4.27,40.251,Yahoo Finance
LREN3,,Lojas Renner S.A.,Consumer Cyclical,Department Stores,10739238912.0,15971509248.0,2326944000.0,1493933056.0,10222655971.65,1916984960.0,3287977984.0,0.14456001,0.12481,0.09354,0.32163637249638366,0.008,0.032,0.13239188054894915,0.9518975697293526,1.4872105350178468,5.269713987100678,7.5533333,1.0505332,5.27,12262329344.0,2326944000.0,1390865536.0,0.34,1.5,10.785,Yahoo Finance
LWSA3,,Locaweb Serviços de Internet S.A.,Technology,Software - Infrastructure,2284299264.0,1506848000.0,-190507008.0,-200224992.0,2452229168.2219996,314495008.0,75137000.0,-0.07797,0.11532,-0.13288,0.0306402847554735,0.012,1.081,-0.08765269733064188,1.0735148324860617,0.6596543735523438,,,0.9315195,-10.391,1979578752.0,-190507008.0,-109469624.0,0.177,-0.37,4.337,Yahoo Finance
MBRF3,,MBRF Global Foods Company S.A.,Consumer Defensive,Packaged Foods,23813525504.0,165853921280.0,10587808768.0,364839008.0,11473408900.612,23112841216.0,74324606976.0,0.00906,0.03425,0.0022,6.477988156774877,0.049,-0.513,0.016383850549923123,0.4818022565015962,6.964694129482895,7.2954303996737995,61.035713,2.0755403,7.295,77242621952.0,10587808768.0,974712512.0,0.022,0.28,8.234,Yahoo Finance
MDIA3,,M. Dias Branco S.A. Indústria e Comércio de Alimentos,Consumer Defensive,Packaged Foods,5734925824.0,10421844992.0,961396992.0,649200000.0,8485945140.608,2102305024.0,1790073984.0,0.07809,0.072569996,0.06229,0.2109457407913133,-0.009,-0.226,0.1123463971970922,1.4796957627136198,1.817258899563406,5.6404325758489575,8.901042,0.6758146,5.64,5422694912.0,961396992.0,544970752.0,-0.067,1.92,25.288,Yahoo Finance
MDNE3,,Moura Dubeux Engenharia S.A.,Real Estate,Real Estate Services,2606042880.0,2611987968.0,603256000.0,559849984.0,2289491268.766,548320000.0,1094963968.0,0.28023002,0.24061,0.21434,0.4782564506525367,0.1,0.195,0.2349206214965994,0.8785316643457325,1.002281270214556,5.231498189823226,4.256757,1.1382629,5.231,3155932672.0,603256000.0,-118647872.0,0.329,5.92,22.139,Yahoo Finance
MEAL3,,International Meal Company Alimentação S.A.,Consumer Cyclical,Restaurants,258008880.0,1656434048.0,120133000.0,-163556000.0,752239240.96,209506000.0,848305024.0,-0.19362,0.03203,-0.09944,1.127706423447681,-0.092,,-0.633916165986225,2.9155557670305337,6.420066038037141,7.465125086362614,,0.34298778,7.465,896807872.0,120133000.0,122678496.0,0.652,-0.57,2.624,Yahoo Finance
MELK3,,Melnick Desenvolvimento Imobiliário S.A.,Real Estate,Real Estate Services,598951552.0,1145762048.0,131415000.0,118539000.0,1087046273.9720001,311111008.0,861449024.0,0.13537,0.11805,0.10346,0.7924676663968667,-0.198,-0.164,0.1898305136225224,1.8149153006252927,1.9129461208909264,9.766962492866112,5.267857,0.5509899,9.767,1283525376.0,131415000.0,-223171504.0,0.129,0.56,5.354,Yahoo Finance
MGLU3,,Magazine Luiza S.A.,Consumer Cyclical,Specialty Retail,4467933184.0,38284193792.0,1446521984.0,88509000.0,11166730207.828001,1762217984.0,8512138752.0,0.00796,0.03479,0.0023100001,0.7622767447209298,-0.026,,0.019097220896026328,2.49930538055211,8.568658530771797,7.754955179443716,52.36364,0.40011117,7.755,11217713152.0,1446521984.0,2472824320.0,0.809,0.11,14.396,Yahoo Finance
MILS3,,"Mills Locação, Serviços e Logística S.A.",Industrials,Rental & Leasing Services,3599757312.0,1908754048.0,955825024.0,449044992.0,1885999429.9980001,642121024.0,1862545024.0,0.26255,0.43065,0.23526,0.987563937918038,0.049,0.213,0.11898733213267182,0.5239240486167986,0.5302452033744213,5.046396039951346,8.404256,1.9086736,5.046,4823471616.0,955825024.0,537975360.0,0.009,1.88,8.278,Yahoo Finance
MLAS3,,Grupo Multilaser S.A.,Technology,Electronics & Computer Distribution,1495430784.0,4062829056.0,369208000.0,303132992.0,3234980401.8599997,777449984.0,418699008.0,0.09774999,0.1108,0.07461,0.12942860728283326,0.032,6.308,0.2,2.1632430821108666,2.7168285550018476,3.0741407986825853,5.0,0.4622689,3.074,1134997376.0,369208000.0,484244992.0,0.524,0.37,4.002,Yahoo Finance
MOTV3,,Motiva Infraestrutura de Mobilidade S.A.,Industrials,Infrastructure Operations,33244397568.0,20122644480.0,9126241280.0,3378234880.0,17743744864.295998,10485000192.0,44183998464.0,0.21971,0.35694999,0.1927,2.490116872279151,0.199,0.584,0.10157193746134553,0.5337363540960689,0.6052943037647167,7.369013654655425,9.845239,1.8735842,7.369,67251396608.0,9126241280.0,-6100474368.0,0.292,1.68,8.828,Yahoo Finance
MOVI3,,Movida Participações S.A.,Industrials,Rental & Leasing Services,3200269568.0,14971292672.0,5921321984.0,432464000.0,3901681948.6619997,3464793088.0,25076221952.0,0.13204001,0.26975,0.028889999,6.427028722984293,0.024,0.97,0.15162907319473495,1.2191729676776764,4.678134873918221,4.190229520205737,6.5950413,0.82022816,4.19,24811698176.0,5921321984.0,4438614528.0,0.303,1.21,9.729,Yahoo Finance
MRVE3,,MRV Engenharia e Participações S.A.,Real Estate,Real Estate - Development,3230669568.0,11689920512.0,1785814016.0,-575876992.0,4578095196.682,3351198976.0,8766164992.0,-0.100389995,0.14585,-0.04926,1.9148061836620014,0.107,,-0.17825313913378837,1.4170732356060112,3.6184203509357475,5.190441403725661,,0.70567983,5.19,9269163008.0,1785814016.0,292342112.0,0.531,-1.02,8.134,Yahoo Finance
MTRE3,,Mitre Realty Empreendimentos e Participações S.A.,Real Estate,Real Estate - Development,367038624.0,1114803968.0,109923000.0,65630000.0,1025169555.44,130687000.0,726611968.0,0.09355,0.12321,0.058870003,0.7087724797759333,0.055,0.455,0.17867435776395474,2.793083721399731,3.037293339460645,9.202720595325818,5.596774,0.35802722,9.203,1011590656.0,109923000.0,37278876.0,0.791,0.62,9.692,Yahoo Finance
MULT3,,Multiplan Empreendimentos Imobiliários S.A.,Real Estate,Real Estate Services,14710297600.0,3193019904.0,2351633920.0,1386265984.0,6730438199.304,81836000.0,5086900224.0,0.21899,0.78469,0.43416,0.7558052051538101,0.22,0.62,0.09311606871407174,0.4575324133119056,0.21706018401694335,8.407354178663999,10.739285,2.1856375,8.407,19771019264.0,2351633920.0,913610880.0,0.126,2.8,13.758,Yahoo Finance
MYPK3,,Iochpe-Maxion S.A.,Consumer Cyclical,Auto Parts,1484218496.0,15141321728.0,1345465984.0,91458000.0,4095754009.578,1868049024.0,5767065088.0,0.049039997,0.06424,0.00604,1.408059437777173,-0.023,0.001,0.06155398829526291,2.7595357136352523,10.201544967136698,4.438985171697957,16.245901,0.3623798,4.439,5972503552.0,1345465984.0,324733504.0,0.194,0.61,27.347,Yahoo Finance
NATU3,,Natura Cosméticos S.A.,Consumer Defensive,Household & Personal Products,11439861760.0,21304530944.0,1708397056.0,-342383008.0,12576981773.241999,2358257920.0,6758220800.0,-0.02478,0.07689,-0.1247,0.5373483814994762,-0.077,-0.889,-0.029928946274259873,1.0993997431318463,1.8623066773841854,9.276143318289586,,0.90958726,9.276,15847335936.0,1708397056.0,3814566400.0,0.521,-0.37,9.158,Yahoo Finance
OBTC3,,Oranjebtc S.A. - Educação e Investimento,Consumer Defensive,Education & Training Services,1097260800.0,-771000.0,21512800.0,-1205891456.0,521710910.07799995,76121000.0,235076000.0,-2.311416979606023,1626.25,0.0,0.450586705125362,-0.985,,-1.099001673986713,0.4754666574489531,-0.0007026588391747887,107.09994570674203,,2.1031969,107.1,2304019712.0,21512800.0,,,,3.566,Yahoo Finance
ONCO3,,Oncoclínicas do Brasil Serviços Médicos S.A.,Healthcare,Medical Care Facilities,1284062720.0,4990341120.0,-1874247040.0,-4230136064.0,16895561.759999998,113458000.0,3879585024.0,-2.7351,-0.27688998,-0.84766,229.62154671795892,-0.285,,-3.294337572544743,0.013157894736842105,3.8863686658545777,,,76.0,-2.736,5127696896.0,-1874247040.0,-676815232.0,1.205,-5.13,0.015,Yahoo Finance
OPCT3,,OceanPact Serviços Marítimos S.A.,Industrials,Specialty Business Services,2263489792.0,2399507968.0,750998976.0,167648000.0,1035366689.676,355505984.0,1982800000.0,0.1719,0.20745,0.06987,1.9150703028899672,0.447,4.867,0.07420494411217532,0.4574205087778538,1.0600922418474066,5.179643472643031,13.476191,2.1861722,5.18,3889906944.0,750998976.0,-343670496.0,0.769,0.84,5.178,Yahoo Finance
ORVR3,,Orizon Valorização de Resíduos S.A.,Industrials,Waste Management,9557756928.0,1499271040.0,478848000.0,50255000.0,14344875590.46,1544302976.0,3883214080.0,0.023599999,0.15535,0.03352,0.2707039217950775,1.358,,0.009770115436649516,1.5008621702737137,0.15686431987068003,12.472134723336007,102.352936,0.6662837,12.472,5972256768.0,478848000.0,-858251904.0,,0.17,26.115,Yahoo Finance
PASS3,,Compass Gas e Energia S.A.,Utilities,Utilities - Regulated Gas,16566936576.0,15158083584.0,4842166784.0,1150030976.0,5296199800.320001,4600986112.0,18144591872.0,0.17364,0.21701,0.07587,3.4259643812727174,-0.092,-0.273,0.06625514711392248,0.3476543154938577,0.9149599574105354,6.8076981761394855,15.093167,2.8764205,6.808,32964009984.0,4842166784.0,-425254624.0,94.523,1.61,8.448,Yahoo Finance
PCAR3,,Companhia Brasileira De Distribuicao,Consumer Cyclical,Department Stores,1462865024.0,18272000000.0,1080000000.0,-1932000000.0,408814110.43,669000000.0,8527000064.0,-1.29364,0.037839998,-0.116459996,20.857890778356712,-0.096,,-1.3206960097502474,0.2794612679817257,12.490557707120352,8.630430340740741,,3.5783134,8.63,9320864768.0,1080000000.0,-393750016.0,0.86,-3.93,0.83,Yahoo Finance
PETR3,,Petróleo Brasileiro S.A. - Petrobras,Energy,Oil & Gas Integrated,702693703680.0,548493000704.0,243035996160.0,133376000000.0,277714306250.71204,53764001792.0,366532984832.0,0.30274,0.44679,0.24317,1.3198203210356227,0.423,0.968,0.18543653410513503,0.6844461126677697,0.7805577278287077,4.181959505829278,5.3926806,1.4610354,4.182,1016366694400.0,243035996160.0,94240129024.0,-0.213,10.11,37.316,Yahoo Finance
PETR4,,Petróleo Brasileiro S.A. - Petrobras,Energy,Oil & Gas Integrated,669510795264.0,548493000704.0,243035996160.0,133376000000.0,203241645458.764,53764001792.0,366532984832.0,0.30274,0.44679,0.24317,1.8034344487058702,0.423,0.968,0.2061224552894629,0.761551054078045,0.8192444462194511,3.8892217336962895,4.851485,1.3131096,3.889,945220878336.0,243035996160.0,94240129024.0,-0.213,10.1,37.316,Yahoo Finance
PGMN3,,Empreendimentos Pague Menos S.A.,Healthcare,Pharmaceutical Retailers,2731686656.0,15637474304.0,939587968.0,328407008.0,3411732829.6380005,111177000.0,3487166976.0,0.10585,0.067600004,0.021,1.022110214993008,0.08,0.111,0.13157894736842105,1.248947355944726,5.724475854378519,6.514276964432137,7.6,0.80067426,6.514,6120736256.0,939587968.0,-79996624.0,0.035,0.5,4.746,Yahoo Finance
PINE4,,Banco Pine S.A.,Financial Services,Banks - Regional,3014950912.0,1525430016.0,,602689984.0,868265988.1279999,851388032.0,9569654784.0,0.40772,0.77971,0.3951,11.02157048053026,0.486,0.763,0.20334729990371506,0.5928033671231252,0.5059551749013683,,4.917695,1.6869,,11758054400.0,,,0.434,2.43,7.084,Yahoo Finance
PLPL3,,Plano & Plano Desenvolvimento Imobiliário S.A.,Real Estate,Real Estate - Development,1423378944.0,3542717952.0,476988992.0,305308992.0,1118195138.46,876612992.0,1459060992.0,0.31768,0.11321,0.08618,1.3048357498758643,0.167,-0.373,0.21683310052686106,0.7855919914866967,2.4889492477977813,4.414705419449176,4.611842,1.2729254,4.415,2105765888.0,476988992.0,-232610000.0,0.13,1.52,5.507,Yahoo Finance
PMAM3,,Paranapanema S.A.,Basic Materials,Copper,196149888.0,597192000.0,-206931008.0,-1315460992.0,-18600358424.112,5402000.0,6129899008.0,0.07072234641966592,-0.17074,-2.20274,-0.32955811217345654,0.186,,-6.706407051325974,-94.82727017469416,3.0445696711282344,,,-0.01054549,-30.575,6326980608.0,-206931008.0,-595967360.0,0.632,-23.69,-62.586,Yahoo Finance
PNVL3,,Dimed S.A. Distribuidora de Medicamentos,Healthcare,Drug Manufacturers - General,1932920576.0,5898494976.0,265608992.0,137651008.0,1317044894.442,295198016.0,1403750016.0,0.10791001,0.0423,0.023340002,1.0658330797407896,0.149,0.176,0.07032458099383963,0.6813756128718123,3.051597178507142,11.450939552528402,14.219779,1.4676193,11.451,3041472512.0,265608992.0,126680872.0,0.311,0.91,8.817,Yahoo Finance
POMO3,,Marcopolo S.A.,Industrials,Farm & Heavy Construction Machinery,5275925504.0,9103541248.0,1463309952.0,1200685952.0,1540410394.376,1588446976.0,3470045952.0,0.2832,0.11925,0.13189,2.252676276834441,0.03,-0.14,0.22588234443737054,0.8037646406734005,1.7254870716233677,4.931313023694928,4.4270835,1.2441453,4.931,7216039424.0,1463309952.0,218819008.0,0.112,0.96,3.416,Yahoo Finance
POMO4,,Marcopolo S.A.,Industrials,Farm & Heavy Construction Machinery,5586273792.0,9103541248.0,1463309952.0,1200685952.0,2700192107.424,1588446976.0,3470045952.0,0.2832,0.11925,0.13189,1.2851107676595817,0.03,-0.14,0.21333333333333335,0.7591111173189531,1.6296267578286288,5.143400924536321,4.6875,1.3173302,5.143,7526389760.0,1463309952.0,218819008.0,0.112,0.96,3.416,Yahoo Finance
POSI3,,Positivo Tecnologia S.A.,Technology,Computer Hardware,483262880.0,3477363968.0,254382000.0,12465000.0,1560842203.8240001,489828992.0,1271160064.0,0.00811,0.06783,0.00358,0.8144065177669526,0.115,,0.025787967463321453,3.22979952569748,7.195595010318193,4.97123978897878,38.777775,0.30961674,4.971,1264593920.0,254382000.0,-14375250.0,0.104,0.09,11.272,Yahoo Finance
PRIO3,,Prio S.A.,Energy,Oil & Gas E&P,51190788096.0,21361551360.0,12617509888.0,3868892928.0,28189623533.348,3693425920.0,25462675456.0,0.14225,0.39878,0.18111,0.9032641186526649,1.108,1.894,0.07446642941662254,0.5506776529061131,0.41729287933484993,5.7859549105986,13.42887,1.8159444,5.786,73004343296.0,12617509888.0,-7240010752.0,0.071,4.78,35.348,Yahoo Finance
PRNR3,,Priner Serviços Industriais S.A.,Industrials,Engineering & Construction,1030689408.0,1716699008.0,271158016.0,43844000.0,478347045.996,313387008.0,974953024.0,0.12181,0.074829996,0.02554,2.038170889024687,0.278,,0.039269909549617336,0.4641039711706038,1.6655832442589726,6.516387669689986,25.46479,2.1546896,6.516,1766970752.0,271158016.0,-15316500.0,0.541,0.71,8.391,Yahoo Finance
PSSA3,,Porto Seguro S.A.,Financial Services,Insurance - Diversified,32479080448.0,45328318464.0,5306067968.0,3684011008.0,16126084862.034,14486344704.0,1032854976.0,0.24169001,0.12352,0.08127,0.06404871268113399,0.096,0.003,0.11209789643813418,0.49650682622410036,1.3956158191292398,3.6039123786813883,8.920774,2.014071,3.604,19122604032.0,5306067968.0,-1952288256.0,0.405,5.68,25.158,Yahoo Finance
PTBL3,,PBG S.A.,Industrials,Building Products & Equipment,231218480.0,2575961088.0,174679008.0,-318688000.0,-103907334.982,134487008.0,2187888128.0,-4.40308,0.06552,-0.12372,-21.056147079308797,-0.052,,-1.3782981360313415,-0.44939026924664494,11.140809713825643,13.079096396059223,,-2.2252374,13.079,2284643584.0,174679008.0,-141022624.0,0.327,-2.26,-0.737,Yahoo Finance
QUAL3,,Qualicorp Consultoria e Corretora de Seguros S.A.,Healthcare,Healthcare Plans,429964672.0,1370881024.0,324457984.0,19616000.0,1338265033.383,414321984.0,1210528000.0,0.02096,0.26409,0.01903,0.9045502720338635,-0.082,0.601,0.046052633093836615,3.112500102323441,3.188357354159553,3.8355699084908323,21.714285,0.32128513,3.836,1244481280.0,324457984.0,267912496.0,0.49,0.07,4.731,Yahoo Finance
RADL3,,Raia Drogasil S.A.,Healthcare,Pharmaceutical Retailers,34201366528.0,46533849088.0,3859574016.0,1403911936.0,7291396108.29,652950016.0,8593035264.0,0.19993,0.075830005,0.02885,1.1785171366880058,0.098,0.144,0.04345603594127056,0.21319020595666227,1.360584497403156,10.918680186285098,23.011763,4.690647,10.919,42141454336.0,3859574016.0,2181056000.0,0.023,0.85,4.17,Yahoo Finance
RAIL3,,Rumo S.A.,Industrials,Railroads,27522439168.0,14392211456.0,7518930944.0,1227117952.0,14470159382.303999,5812203008.0,29535496192.0,0.0881,0.44779,0.085260004,2.0411313663980692,0.062,0.568,0.04450438492803819,0.525758568405685,0.5229264516908678,6.844442362257184,22.469696,1.9020137,6.844,51462889472.0,7518930944.0,-1785493760.0,-0.079,0.66,7.797,Yahoo Finance
RAIZ4,,Raízen S.A.,Utilities,Utilities - Renewable,2897658368.0,227823534080.0,3738865920.0,-26138505216.0,-1462268356.237,13981849600.0,74628734976.0,-8.3975,0.04279,-0.11818,-51.036278435272656,0.04,,-9.020561396974179,-0.5046379422727725,78.62332447328725,17.14477391048032,,-0.25949955,17.145,64102010880.0,3738865920.0,-2329403392.0,0.241,-2.53,-1.079,Yahoo Finance
RANI3,,Irani Papel e Embalagem S.A.,Consumer Cyclical,Packaging & Containers,1822687744.0,1691191040.0,472288000.0,131436000.0,1429262441.046,835699008.0,1977170944.0,0.09207,0.13475999,0.07654,1.38335052207278,0.044,-0.702,0.0716981102313992,0.7841509910962791,0.9278556053098692,6.286727827088556,13.947369,1.2752646,6.287,2969146112.0,472288000.0,87657752.0,-0.07,0.57,6.234,Yahoo Finance
RAPT4,,Randoncorp S.A.,Industrials,Farm & Heavy Construction Machinery,1788768384.0,13065771008.0,1857369984.0,-275657984.0,1931850526.2770002,4018004992.0,9671263232.0,-0.01442,0.105170004,-0.026500002,5.006217147989263,0.009,,-0.15410490618331502,1.6898634218585187,7.304339189393902,4.841546822369668,,0.5917638,4.842,8992543744.0,1857369984.0,2002244608.0,0.137,-0.79,8.669,Yahoo Finance
RCSL3,,Recrusul S/A,Industrials,Specialty Industrial Machinery,56007236.0,232000.0,-6723000.0,-15000000.0,-4606794.432,3000.0,12603000.0,3.25606020008318,-274.0,0.0,-2.7357417801098878,-0.992,,0.13636363326446288,-0.08225355795097619,0.004142321895692192,,7.3333335,-4.074074,-10.204,68602240.0,-6723000.0,-17146500.0,0.013,0.06,-0.108,Yahoo Finance
RCSL4,,Recrusul S/A,Industrials,Specialty Industrial Machinery,50915672.0,232000.0,-6723000.0,-15000000.0,-9902139.624,3000.0,12603000.0,1.5148241258529844,-274.0,0.0,-1.2727552305416776,-0.992,,0.14999999250000037,-0.19448117318376942,0.004556553824920547,,6.666667,-3.4188035,-9.447,63510672.0,-6723000.0,-17146500.0,0.013,0.06,-0.117,Yahoo Finance
RDOR3,,Rede D'Or São Luiz S.A.,Healthcare,Medical Care Facilities,81712570368.0,57792339968.0,12600981504.0,4822606848.0,19529759824.761,43320135680.0,57459974144.0,0.19779,0.19038999,0.083450004,2.942175155228934,0.05,0.229,0.05849507954014678,0.23900559904076538,0.7072637625732117,7.804316165116402,17.095455,4.1840024,7.804,98342043648.0,12600981504.0,3014036992.0,0.618,2.2,8.989,Yahoo Finance
RECV3,,Petroreconcavo S.A.,Energy,Oil & Gas E&P,3333956608.0,2982953984.0,1340194944.0,499164000.0,4433634477.481999,1620116992.0,3201586944.0,0.11252,0.27608,0.16734,0.722113417391657,0.002,-0.148,0.14964789720386645,1.3298417009632841,0.8947188985130307,3.6676953886493697,6.6823525,0.7519692,3.668,4915426816.0,1340194944.0,-314575008.0,-0.216,1.7,15.107,Yahoo Finance
RENT3,,Localiza Rent a Car S.A.,Industrials,Rental & Leasing Services,39545212928.0,46353379328.0,8856755200.0,3424267008.0,26107202778.216,10149359616.0,46479572992.0,0.13011,0.1887,0.07387,1.780335234948373,0.245,,0.08798882964209928,0.6853630978302363,1.1721615815394808,8.566955345452023,11.365079,1.4590806,8.567,75875426304.0,8856755200.0,9880596480.0,0.233,3.15,24.536,Yahoo Finance
RIAA3,,Guararapes Confecções S.A.,Consumer Cyclical,Apparel Manufacturing,3559627008.0,10670363648.0,1199977984.0,1531565952.0,5403202425.718,1136450944.0,3673465088.0,0.28024,0.095290005,0.14353,0.6798681223777868,0.021,0.166,0.43159378738006815,1.5179125751269957,2.997607227953699,5.080629532616491,2.3169935,0.65879947,5.081,6096643584.0,1199977984.0,-152128368.0,0.543,3.06,10.762,Yahoo Finance
RNEW4,,Renova Energia S.A.,Utilities,Utilities - Renewable,358190784.0,522270016.0,94995000.0,-144396992.0,192289752.921,83412000.0,844868992.0,-0.1182,-0.10446,-0.27648002,4.393728626543633,-0.149,,-0.4031287192470033,3.2114584838704494,1.4580777600352777,11.786377977788305,,0.311385,11.786,1119646976.0,94995000.0,-196775008.0,0.208,-0.38,3.083,Yahoo Finance
SANB11,,Banco Santander (Brasil) S.A.,Financial Services,Banks - Regional,164535959552.0,48286806016.0,,13840916480.0,126989866107.90001,171627053056.0,328950317056.0,0.11151,0.33218,0.28664,2.5903666736407094,0.288,0.498,0.06681907206082781,1.1102546729925278,0.29347266182709086,,14.965787,0.90069425,,273775706112.0,,,0.183,2.046,33.996,Yahoo Finance
SANB3,,Banco Santander (Brasil) S.A.,Financial Services,Banks - Regional,114559172608.0,48286806016.0,,13840916480.0,129633316809.108,171627053056.0,328950317056.0,0.11151,0.33218,0.28664,2.5375445537692825,0.288,0.498,0.11568627178777399,2.221960623391495,0.421501001768129,,8.644068,0.45005298,,216421253120.0,,,0.183,1.77,33.996,Yahoo Finance
SANB4,,Banco Santander (Brasil) S.A.,Financial Services,Banks - Regional,114035040256.0,48286806016.0,,13840916480.0,124912665871.15201,171627053056.0,328950317056.0,0.11151,0.33218,0.28664,2.633442451667101,0.288,0.498,0.1162179877552728,2.232173250573278,0.42343832130544956,,8.60452,0.4479939,,216159191040.0,,,0.183,1.77,33.996,Yahoo Finance
SAPR11,,Companhia de Saneamento do Paraná - SANEPAR,Utilities,Utilities - Regulated Water,10445449216.0,7542637056.0,2914906880.0,455251008.0,12103849451.841,4662453248.0,7250028032.0,0.03812,0.33501,0.06036,0.5989853113132755,0.115,,0.023408565184637634,1.1587673496441424,0.7220979107769184,4.471164301481905,42.719406,0.862986,4.471,13033027584.0,2914906880.0,-372866496.0,0.131,0.809,40.047,Yahoo Finance
SAPR4,,Companhia de Saneamento do Paraná - SANEPAR,Utilities,Utilities - Regulated Water,10245974016.0,7542637056.0,2914906880.0,455251008.0,40346161502.21999,4662453248.0,7250028032.0,0.03812,0.33501,0.06036,0.17969560825758052,0.115,,0.041297932910434244,5.90663686256461,0.7361561764866377,1.590709406126895,24.214287,0.16930108,1.591,4636769792.0,2914906880.0,-372866496.0,0.131,0.28,40.047,Yahoo Finance
SAUD3,,Bradsaúde S.A.,Healthcare,Healthcare Plans,44962930688.0,10684187648.0,1753040000.0,1053996032.0,18707269370.769,13191663616.0,204828992.0,0.10538,0.12842,0.09865,0.010949165692779036,12.628,-0.196,0.07347203874621434,0.4160598087639337,0.23762213638025748,18.241180522977228,13.61062,2.4035006,18.241,31977519104.0,1753040000.0,-306891872.0,0.465,1.13,6.399,Yahoo Finance
SBFG3,,Grupo SBF S.A.,Consumer Cyclical,Specialty Retail,2057522944.0,8368808960.0,793177984.0,418827008.0,3203461548.672,429320992.0,3200668928.0,0.13704,0.09770001,0.05005,0.9991282490426153,0.221,1.85,0.20179370387500414,1.5569506871679704,4.067419507716557,6.088003894974473,4.955556,0.6422811,6.088,4828870656.0,793177984.0,-694090496.0,0.538,1.8,13.888,Yahoo Finance
SBSP3,,Companhia de Saneamento Básico do Estado de São Paulo - SABESP,Utilities,Utilities - Regulated Water,95088680960.0,40875065344.0,15214611456.0,8040221184.0,45086241840.293,17440886784.0,51657801728.0,0.18792,0.31519,0.1967,1.1457553262253515,0.139,-0.339,0.08801775564581091,0.4741493760194212,0.4298625759799371,8.519817884201117,11.361344,2.10904,8.52,129625718784.0,15214611456.0,-6260882944.0,0.069,2.38,12.821,Yahoo Finance
SEER3,,Ser Educacional S.A.,Consumer Defensive,Education & Training Services,1764397696.0,2293104128.0,629548992.0,271664992.0,1523681593.0,269033984.0,1397248000.0,0.19143999,0.26444,0.11847,0.9170209881245183,0.056,0.293,0.15384615384615385,0.8635703868588075,1.2996526424845207,4.594736264783028,6.5,1.1579832,4.595,2892611584.0,629548992.0,256117504.0,0.175,2.12,11.9,Yahoo Finance
SEQL3,,Sequoia Logística e Transportes S.A.,Industrials,Integrated Freight & Logistics,445934208.0,547288000.0,-148283008.0,-247856992.0,-254819546.88,46161000.0,338244992.0,0.9726765275064286,0.10065,-0.45288,-1.3273902890946072,-0.125,,-0.5558151573785521,-0.5714285701984092,1.227284182692708,,,-1.75,-4.977,738018176.0,-148283008.0,-134902624.0,-0.233,-150.4,-0.04,Yahoo Finance
SHUL4,,Schulz S.A.,Consumer Cyclical,Auto Parts,1572403968.0,1867069952.0,263128992.0,259668000.0,893946253.4599999,1062444992.0,881537024.0,0.16851999,0.11668,0.13908,0.9861185955956857,-0.048,-0.181,0.16553288503607053,0.9943311194219515,1.1873983976107596,5.301419069777001,6.0410957,1.0057012,5.301,1394957056.0,263128992.0,82774872.0,0.091,0.73,4.385,Yahoo Finance
SIMH3,,SIMPAR S.A.,Industrials,Rental & Leasing Services,4430733312.0,45115953152.0,12923643904.0,-118537000.0,5819496371.979,13884297216.0,59459956736.0,-0.0023100001,0.18651,-0.00404,10.217371561962127,0.088,,-0.026753359241676697,1.3134387639385405,10.182502528376052,4.1741155396043945,,0.7613602,4.174,53944782848.0,12923643904.0,5904375808.0,0.199,-0.07,9.969,Yahoo Finance
SLCE3,,SLC Agrícola S.A.,Consumer Defensive,Farm Products,8897528832.0,8803083264.0,2300013056.0,388387008.0,5420846133.65,924265984.0,11082380288.0,0.069749996,0.31254,0.044120003,2.044400452395416,0.168,0.242,0.03455964310118331,0.6092530551451389,0.9893851911262904,8.58002236314262,28.935484,1.6413541,8.58,19734163456.0,2300013056.0,-1049248128.0,0.12,0.62,10.93,Yahoo Finance
SMFT3,,Smartfit Escola de Ginástica e Dança S.A.,Consumer Cyclical,Leisure,10619569152.0,8051568128.0,2556260096.0,686465984.0,6036934565.4939995,2627201024.0,13665627136.0,0.11691,0.24190001,0.085260004,2.2636699118970403,0.215,-0.063,0.06340057746513966,0.5684726113022475,0.7581821835477794,8.50614022024776,15.772727,1.7590997,8.506,21743906816.0,2556260096.0,-394064384.0,0.315,1.1,9.863,Yahoo Finance
SMTO3,,São Martinho S.A.,Basic Materials,Specialty Chemicals,6597486080.0,7102598144.0,3089167872.0,811497024.0,7375692472.641,4852369920.0,12189508608.0,0.11342,0.12405,0.114250004,1.6526595507086437,-0.177,-0.393,0.11986301575107904,1.1179549830831053,1.0765612928735426,4.5108020494135195,8.342857,0.8944904,4.511,13934624768.0,3089167872.0,-396056256.0,-0.134,2.45,22.851,Yahoo Finance
SOJA3,,Boa Safra Sementes S.A.,Basic Materials,Agricultural Inputs,1087587328.0,2644421888.0,187360000.0,11045000.0,1331201131.4259999,1100899968.0,1982148992.0,0.04632,0.32412997,0.0089300005,1.4889928690765883,-0.004,-0.259,0.0376134874142262,1.2239948074223486,2.431457060889919,10.571355764304014,26.586208,0.81699693,10.571,1980649216.0,187360000.0,353051616.0,,0.29,9.437,Yahoo Finance
SUZB3,,Suzano S.A.,Basic Materials,Paper & Paper Products,58880917504.0,47825412096.0,19853993984.0,8168698880.0,43657596034.178,26269284352.0,99413540864.0,0.17604999,0.26674998,0.1708,2.277118987178603,-0.128,-0.64,0.13720977850733132,0.7414557787246827,0.8122395866666148,6.661336679893294,7.2881103,1.3486981,6.661,132254138368.0,19853993984.0,177601872.0,0.031,6.56,35.449,Yahoo Finance
SYNE3,,Syn Prop & Tech S.A.,Real Estate,Real Estate Services,563258048.0,337080000.0,161120000.0,54458000.0,692853135.8549999,238448992.0,738401024.0,0.04381,0.4387,0.16156,1.0657396001950583,0.127,-0.672,0.0975609756097561,1.2300812936125323,0.5984468418993634,11.393669116186693,10.25,0.8129544,11.394,1835747968.0,161120000.0,74490376.0,0.256,0.36,4.539,Yahoo Finance
TAEE11,,Transmissora Aliança de Energia Elétrica S.A.,Utilities,Utilities - Regulated Electric,42094456832.0,4484395008.0,2480977920.0,1635716992.0,8070920393.196,208359008.0,11015445504.0,0.20858999,0.75343,0.36476,1.3648313906411855,-0.154,0.135,0.025288484711467243,0.575202557580652,0.1065317228322325,10.011587276036702,39.54369,1.738518,10.012,24838526976.0,2480977920.0,415424736.0,-0.006,1.03,23.428,Yahoo Finance
TAEE4,,Transmissora Aliança de Energia Elétrica S.A.,Utilities,Utilities - Regulated Electric,14272589824.0,4484395008.0,2480977920.0,1635716992.0,10373511971.056,208359008.0,11015445504.0,0.20858999,0.75343,0.36476,1.0618819870006524,-0.154,0.135,0.11440985224425222,1.6964518370537651,0.3141963065777515,6.273581307809462,8.740506,0.5894656,6.274,15564616704.0,2480977920.0,415424736.0,-0.006,1.58,23.428,Yahoo Finance
TASA4,,Taurus Armas S.A.,Industrials,Aerospace & Defense,839874048.0,1427314048.0,74359000.0,26678000.0,753077866.633,308059008.0,734168000.0,0.02085,0.29681,0.01869,0.9748898919077973,-0.103,1.75,0.02819237007334809,1.4160861008671048,1.6994382090968,17.025282427143992,35.47059,0.70617175,17.025,1265982976.0,74359000.0,116207376.0,0.583,0.17,8.539,Yahoo Finance
TEND3,,Construtora Tenda S.A.,Real Estate,Real Estate - Development,3938076416.0,4791539200.0,790249984.0,578844992.0,1539786631.5,834753024.0,1207054976.0,0.406,0.1823,0.12081,0.783910544036958,0.301,-0.115,0.14699469493206097,0.3909996723813745,1.2167207270362932,5.446243076418715,6.8029666,2.5575469,5.446,4303893504.0,790249984.0,551143360.0,0.433,4.72,12.555,Yahoo Finance
TFCO4,,Track & Field Co S.A.,Consumer Cyclical,Apparel Retail,1975883392.0,1122510976.0,254106000.0,147004000.0,258562899.84600002,50313000.0,171758000.0,0.25722,0.20653,0.13096,0.6642793691681947,0.155,0.093,0.072196614484157,0.3101382391578928,0.5681058814223789,8.265015198381779,13.851065,3.2243686,8.265,2100189952.0,254106000.0,68467376.0,0.133,0.94,4.038,Yahoo Finance
TIMS3,,TIM S.A.,Communication Services,Telecom Services,46008889344.0,27402760192.0,11373073408.0,4325640192.0,24282337069.893,4529852928.0,16497486848.0,0.17254,0.24656999,0.15785,0.6794027609663148,0.055,0.025,0.09292719934519778,0.5277748647537326,0.5955970809709099,5.120527704590017,10.761112,1.8947473,5.121,58236137472.0,11373073408.0,4423418880.0,0.105,1.8,10.223,Yahoo Finance
TOTS3,,TOTVS S.A.,Technology,Software - Application,18672523264.0,6591676928.0,1441842944.0,888091008.0,5397685521.048,2020195968.0,5027038208.0,0.17014,0.18529,0.21629,0.9313321771706262,0.361,2.695,0.046144504376414014,0.2890710614718284,0.3530147926342945,15.18049202451831,21.671053,3.459357,15.18,21887885312.0,1441842944.0,688151616.0,0.369,1.52,9.522,Yahoo Finance
TRIS3,,Trisul S.A.,Real Estate,Real Estate - Development,1151238784.0,1526349056.0,233631008.0,189236000.0,1524165367.622,408816000.0,854217024.0,0.12507,0.13748,0.12398,0.5604490445369112,0.261,-0.035,0.20892493911927276,1.3239351589516553,1.3258318580066184,6.8600258404055685,4.786408,0.755324,6.86,1602714752.0,233631008.0,-4682250.0,0.409,1.03,6.527,Yahoo Finance
TTEN3,,Três Tentos Agroindustrial S/A,Basic Materials,Agricultural Inputs,5699548672.0,18269057024.0,501182016.0,588275968.0,5001104351.341,1422050048.0,5171244032.0,0.121350005,0.03361,0.0322,1.0340204220320617,0.319,-0.378,0.10321448273439711,0.877456142329002,3.205351524367156,18.876145723473048,,1.1396581,18.876,9460384768.0,501182016.0,-1356063232.0,0.122,-105102.71,10.003,Yahoo Finance
TUPY3,,Tupy S.A.,Industrials,Metal Fabrication,2093145472.0,9363995648.0,491328992.0,-773241024.0,2288689261.362,2036770944.0,3941316096.0,-0.28198,0.02473,-0.08258,1.7220844098575974,-0.058,,-0.3694158071398489,1.0934210886857008,4.473647805784232,8.155738646092352,,0.91456074,8.156,4007150848.0,491328992.0,943854656.0,0.02,-5.85,17.451,Yahoo Finance
UGPA3,,Ultrapar Participações S.A.,Energy,Oil & Gas Refining & Marketing,40514875392.0,153258049536.0,9134960640.0,3641993984.0,16422270220.685999,9250765824.0,19563366400.0,0.19804001,0.075729996,0.02256,1.1912705208904295,0.219,0.443,0.08627037965178513,0.40533929128046275,3.782759987613391,5.810432626450813,11.591464,2.467069,5.81,53078073344.0,9134960640.0,5826124800.0,0.261,3.28,15.411,Yahoo Finance
UNIP6,,Unipar Carbocloro S.A.,Basic Materials,Chemicals,6311012352.0,5233764864.0,859390016.0,266558000.0,1180522178.0470002,1371294976.0,3710853888.0,0.107650004,0.20482999,0.05093,3.143400401116615,0.174,-0.461,0.03981596265740494,0.29688552830304743,0.8293067058158089,10.076184119876952,25.115555,3.3683016,10.076,8659372032.0,859390016.0,-473150112.0,0.258,2.25,16.777,Yahoo Finance
USIM3,,Usinas Siderúrgicas de Minas Gerais S.A.,Basic Materials,Steel,8456576512.0,24781692928.0,2052312960.0,-2320418048.0,11846690244.024,6822557184.0,6463138816.0,-0.08073,0.08245,-0.09363,0.5455649369460214,-0.075,3.017,-0.2743921307525917,2.4538574196943257,2.930463987741899,5.355467220749802,,0.40752164,5.355,10991094784.0,2052312960.0,1414088832.0,1.318,-1.91,16.858,Yahoo Finance
USIM5,,Usinas Siderúrgicas de Minas Gerais S.A.,Basic Materials,Steel,9084357632.0,24781692928.0,2052312960.0,-2320418048.0,8903230189.602001,6822557184.0,6463138816.0,-0.08073,0.08245,-0.09363,0.725931900935038,-0.075,3.017,-0.25543006363226367,2.2842817930223234,2.727952149385393,5.661356536967929,,0.43777436,5.661,11618875392.0,2052312960.0,1414088832.0,1.318,-1.91,16.858,Yahoo Finance
VALE3,,Vale S.A.,Basic Materials,Other Industrial Metals & Mining,332800622592.0,218068992000.0,77332996096.0,10369000448.0,196633264180.18,29841999872.0,110007001088.0,0.041149996,0.21955,0.04755,0.5594526518524242,0.064,-0.435,0.03260869636105862,0.5908439745317886,0.6552541587860661,5.402579198888821,30.666666,1.6924942,5.403,417797636096.0,77332996096.0,13308999680.0,0.748,2.55,46.204,Yahoo Finance
VAMO3,,"Vamos Locação de Caminhões, Máquinas e Equipamentos S.A.",Industrials,Rental & Leasing Services,3995091456.0,6196624896.0,3738003968.0,315812000.0,2984712124.5620003,4407007232.0,15959940096.0,0.10701,0.4319,0.050970003,5.347229290443575,0.108,-0.019,0.08562690712528895,0.7470948655830654,1.551059585054966,4.159445780449209,11.678572,1.3385181,4.159,15548024832.0,3738003968.0,1307178880.0,0.204,0.28,2.443,Yahoo Finance
VBBR3,,Vibra Energia S.A.,Consumer Cyclical,Specialty Retail,44917796864.0,203974000640.0,10529999872.0,5056000000.0,23531903119.600002,5895000064.0,21926000640.0,0.22621,0.06862,0.02479,0.9317563704287722,0.258,6.77,0.11318242494250899,0.5238881743927337,4.541050872498999,5.798841469919441,8.835294,1.9088043,5.799,61061799936.0,10529999872.0,6769874944.0,0.135,4.25,19.672,Yahoo Finance
VIVA3,,Vivara Participações S.A.,Consumer Cyclical,Luxury Goods,5250565632.0,3157123072.0,767401024.0,585833984.0,3031125955.332,416659008.0,1262338048.0,0.19703,0.24741,0.18556,0.4164584601901625,0.095,0.004,0.11150917408277014,0.5772951436431549,0.6012919927633428,7.944014335847433,8.967872,1.7322162,7.944,6096244736.0,767401024.0,244042864.0,0.232,2.49,12.891,Yahoo Finance
VIVT3,,Telefônica Brasil S.A.,Communication Services,Telecom Services,96731004928.0,61774049280.0,20136968192.0,6598880256.0,68721514599.76,8576167936.0,19848372224.0,0.09872,0.17638001,0.10682,0.2888232650225861,0.076,0.185,0.06772381739654205,0.7104393449266141,0.6386168460255366,5.367102418671785,14.765854,1.4075797,5.367,108077170688.0,20136968192.0,12585449472.0,0.198,2.05,21.505,Yahoo Finance
VLID3,,Valid Soluções S.A.,Industrials,Specialty Business Services,1400503168.0,2024424960.0,356734016.0,225808992.0,1668802653.1810002,539913984.0,710481024.0,0.13442001,0.14947,0.111540005,0.4257429856344676,0.032,-0.329,0.16071429145408184,1.1915737149800953,1.4454983082194641,4.536463694003322,6.222222,0.8392263,4.536,1618310912.0,356734016.0,256422880.0,-0.111,2.88,21.353,Yahoo Finance
VTRU3,,Vitru Educação S.A.,Consumer Defensive,Education & Training Services,2187383296.0,2347764992.0,736126016.0,1093176064.0,4158566439.324,697932032.0,2241594112.0,0.32387,0.32659,0.46562,0.539030491566316,0.091,-0.239,0.49829351909981484,1.9011604188895193,1.0733212584613245,5.068487317258462,2.0068493,0.52599454,5.068,3731045376.0,736126016.0,278875872.0,0.436,7.3,27.852,Yahoo Finance
VULC3,,Vulcabras S.A.,Consumer Cyclical,Footwear & Accessories,4143149312.0,3735503872.0,803924992.0,929819008.0,2505992883.738,355577984.0,969760000.0,0.37129003,0.17455,0.24891001,0.3869763582702128,0.112,-0.647,0.23047763932448204,0.6048521847109699,0.9016097636599006,5.918035417911227,4.3388157,1.6532965,5.918,4757656576.0,803924992.0,-580375.0,-0.026,3.04,7.978,Yahoo Finance
VVEO3,,CM Hospitalar S/A,Healthcare,Medical Distribution,246434288.0,11708612608.0,653488000.0,56871000.0,1823297929.049,450958016.0,3822684928.0,0.03151,0.04682,0.00486,2.096577233537387,0.034,,0.23076924852071146,7.39871802412796,47.512108412446246,5.536532380089612,4.333333,0.13515855,5.537,3618057472.0,653488000.0,161623504.0,0.664,0.18,5.771,Yahoo Finance
WEGE3,,WEG S.A.,Industrials,Electrical Equipment & Parts,216043274240.0,40130179072.0,8491448832.0,6254050816.0,17416889047.341,8801141760.0,5834735104.0,0.30791,0.19312,0.15584,0.3350044366787062,-0.006,-0.021,0.028937655268606553,0.08061758877467795,0.1857506521004669,25.249735888651706,34.55705,12.404241,25.25,214406840320.0,8491448832.0,4960677888.0,-0.045,1.49,4.151,Yahoo Finance
WIZC3,,Wiz Co Participações e Corretagem de Seguros S.A.,Financial Services,Insurance Brokers,1250475008.0,1274242944.0,646388992.0,198428992.0,687441405.3180001,386075008.0,375248000.0,0.26558,0.40855998,0.15572,0.5458617957794031,-0.2,0.084,0.15856776520300161,0.549744209516754,1.0190071259704856,2.8491526786396757,6.306452,1.8190278,2.849,1841660928.0,646388992.0,339439008.0,0.484,1.24,4.299,Yahoo Finance
YDUQ3,,Yduqs Participações S.A.,Consumer Defensive,Education & Training Services,2521653504.0,5557208064.0,1376148992.0,113536000.0,2913260435.601,721897984.0,5042131968.0,0.03751,0.16569,0.02043,1.7307522205647976,0.01,,0.0423814330671299,1.1552977054308788,2.2037952697247336,4.988349540570677,23.595238,0.86557776,4.988,6864712192.0,1376148992.0,708725376.0,0.107,0.42,11.449,Yahoo Finance
