ticker,asset_class,global_opportunity_score,final_decision,week
TSMC34,AÇÃO GLOBAL / BDR,92.6478087954111,ESPERARIA,2026-08-03
VTRU3,AÇÃO B3,92.5125,ESPERARIA,2026-08-03
NVDC34,AÇÃO GLOBAL / BDR,92.00013129381772,ESPERARIA,2026-08-03
SEER3,AÇÃO B3,91.7946594068582,ESPERARIA,2026-08-03
A1MD34,AÇÃO GLOBAL / BDR,91.24533333333332,ESPERARIA,2026-08-03
MUTC34,AÇÃO GLOBAL / BDR,90.4916137667304,ESPERARIA,2026-08-03
MILS3,AÇÃO B3,90.41912650602409,ESPERARIA,2026-08-03
SPXR11,ETF,90.1968132568515,ESPERARIA,2026-08-03
RZLC11,FII,89.94845422956817,ESPERARIA,2026-08-03
ASML34,AÇÃO GLOBAL / BDR,89.88815041427661,ESPERARIA,2026-08-03
AZIN11,FI-INFRA,89.69949012109625,ESPERARIA,2026-08-03
BBSE3,AÇÃO B3,89.65101118760757,ESPERARIA,2026-08-03
ISEN11,ETF,89.50360299384647,ESPERARIA,2026-08-03
CAUT11,FIDC,89.41841937539834,ESPERARIA,2026-08-03
JPMC34,AÇÃO GLOBAL / BDR,89.29978457616318,ESPERARIA,2026-08-03
JHSF3,AÇÃO B3,88.79220521793054,ESPERARIA,2026-08-03
COCA34,AÇÃO GLOBAL / BDR,88.71429445506692,ESPERARIA,2026-08-03
KNUQ11,FII,88.5031747428605,ESPERARIA,2026-08-03
IVVB11,ETF,88.32976812918434,ESPERARIA,2026-08-03
CBAV3,AÇÃO B3,88.19682942295498,ESPERARIA,2026-08-03
KNCR11,FII,88.17791947006728,ESPERARIA,2026-08-03
D1EL34,AÇÃO GLOBAL / BDR,88.10256341618866,ESPERARIA,2026-08-03
GGBR4,AÇÃO B3,87.74915583386176,ESPERARIA,2026-08-03
PFIN11,FIP,87.74707881878054,ESPERARIA,2026-08-03
VGIR11,FII,87.73296852457791,ESPERARIA,2026-08-03
BINC11,ETF,87.60972548886895,ESPERARIA,2026-08-03
SNEL11,FII,87.31936979820847,ESPERARIA,2026-08-03
AAPL34,AÇÃO GLOBAL / BDR,87.16048438495856,ESPERARIA,2026-08-03
TAEE3,AÇÃO B3,86.93898224476854,ESPERARIA,2026-08-03
SPXU11,ETF,86.80606270833685,ESPERARIA,2026-08-03
KNHY11,FII,86.67804507308175,ESPERARIA,2026-08-03
TXSA34,AÇÃO GLOBAL / BDR,86.52430975143403,ESPERARIA,2026-08-03
AFHF11,FII,86.32140984716966,ESPERARIA,2026-08-03
WRLD11,ETF,86.15593721269958,ESPERARIA,2026-08-03
PETR4,AÇÃO B3,86.09213102409637,ESPERARIA,2026-08-03
RZAT11,FII,86.00993997189266,ESPERARIA,2026-08-03
CPTR11,FIAGRO,85.99077386459426,ESPERARIA,2026-08-03
A1MT34,AÇÃO GLOBAL / BDR,85.91617335882728,ESPERARIA,2026-08-03
PORD11,FII,85.68243664514614,ESPERARIA,2026-08-03
LOGG3,AÇÃO B3,85.65022368887314,ESPERARIA,2026-08-03
IFRI11,ETF,85.40052172343582,ESPERARIA,2026-08-03
KNSC11,FII,85.34964412479232,ESPERARIA,2026-08-03
AMZO34,AÇÃO GLOBAL / BDR,85.323493945188,ESPERARIA,2026-08-03
GOAU4,AÇÃO B3,85.17556674064679,ESPERARIA,2026-08-03
MXRF11,FII,84.88468683248398,ESPERARIA,2026-08-03
TGMA3,AÇÃO B3,84.71769578313253,ESPERARIA,2026-08-03
A1NE34,AÇÃO GLOBAL / BDR,84.71391969407264,ESPERARIA,2026-08-03
ISET11,ETF,84.63682070198593,ESPERARIA,2026-08-03
SNME11,FII,84.53602459792369,ESPERARIA,2026-08-03
CXSE3,AÇÃO B3,84.28440189328742,ESPERARIA,2026-08-03
EXES11,FII,84.19823569098992,ESPERARIA,2026-08-03
UNHH34,AÇÃO GLOBAL / BDR,84.07810452517526,ESPERARIA,2026-08-03
BTCI11,FII,83.85876354365837,ESPERARIA,2026-08-03
TAEE4,AÇÃO B3,83.84636176284083,ESPERARIA,2026-08-03
KOPA11,FIAGRO,83.69985505458583,ESPERARIA,2026-08-03
GPUS11,ETF,83.68529303936333,ESPERARIA,2026-08-03
VCRI11,FII,83.50934129085763,ESPERARIA,2026-08-03
F1TN34,AÇÃO GLOBAL / BDR,83.49333333333333,ESPERARIA,2026-08-03
PETR3,AÇÃO B3,83.40129625645439,ESPERARIA,2026-08-03
SAPI11,FII,83.20123629633778,ESPERARIA,2026-08-03
ACWI11,ETF,82.98405218362409,ESPERARIA,2026-08-03
BOAC34,AÇÃO GLOBAL / BDR,82.89166730401529,ESPERARIA,2026-08-03
CPTS11,FII,82.87052062582835,ESPERARIA,2026-08-03
SAUD3,AÇÃO B3,82.84344879518072,ESPERARIA,2026-08-03
KNIP11,FII,82.51851004424107,ESPERARIA,2026-08-03
SPYI11,ETF,82.34170234126915,ESPERARIA,2026-08-03
MOTV3,AÇÃO B3,82.2863453815261,ESPERARIA,2026-08-03
AVGO34,AÇÃO GLOBAL / BDR,82.26951179094965,ESPERARIA,2026-08-03
MCCI11,FII,82.1778245344555,ESPERARIA,2026-08-03
ABEV3,AÇÃO B3,81.84094068582019,ESPERARIA,2026-08-03
CLIN11,FII,81.77818294305729,ESPERARIA,2026-08-03
ISTT11,ETF,81.70400514391105,ESPERARIA,2026-08-03
S2NW34,AÇÃO GLOBAL / BDR,81.62902358189929,ESPERARIA,2026-08-03
LEVE3,AÇÃO B3,81.32876235804461,ESPERARIA,2026-08-03
NASD11,ETF,81.08338888982892,ESPERARIA,2026-08-03
D1DG34,AÇÃO GLOBAL / BDR,81.04353346080305,ESPERARIA,2026-08-03
SNFZ11,FIAGRO,80.84185016139313,ESPERARIA,2026-08-03
FLRY3,AÇÃO B3,80.57085843373494,ESPERARIA,2026-08-03
CPTI11,ETF,80.43683254651799,ESPERARIA,2026-08-03
AIRB34,AÇÃO GLOBAL / BDR,80.42425366475462,ESPERARIA,2026-08-03
KNDI11,ETF,79.69155090046644,ESPERARIA,2026-08-03
VWRA11,ETF,78.97877403452962,ESPERARIA,2026-08-03
PPEI11,FIP,78.57456978967494,ESPERARIA,2026-08-03
SVAL11,ETF,78.22584420492169,ESPERARIA,2026-08-03
EXIF11,FI-INFRA,78.05282026768641,ESPERARIA,2026-08-03
SNAG11,FIAGRO,77.72827771952547,NAO_COMPRARIA,2026-08-03
TECK11,ETF,77.57304184503968,NAO_COMPRARIA,2026-08-03
GOAT11,ETF,76.76784942779629,NAO_COMPRARIA,2026-08-03
ISNT11,ETF,76.09943202648662,NAO_COMPRARIA,2026-08-03
FGAA11,FIAGRO,74.81705421575279,NAO_COMPRARIA,2026-08-03
XPCA11,FIAGRO,72.43381237278727,NAO_COMPRARIA,2026-08-03
ENDD11,FIP,70.7722009772679,NAO_COMPRARIA,2026-08-03
VHFA11,FIAGRO,70.07548366537141,NAO_COMPRARIA,2026-08-03
RIFF11,FI-INFRA,69.62600382409178,NAO_COMPRARIA,2026-08-03
NEXG11,FIAGRO,67.77652192684883,NAO_COMPRARIA,2026-08-03
EGAF11,FIAGRO,65.49942844219659,NAO_COMPRARIA,2026-08-03
KNCA11,FIAGRO,63.13677707189703,NAO_COMPRARIA,2026-08-03
BRZP11,FIP,62.93669003611642,NAO_COMPRARIA,2026-08-03
JURO11,FI-INFRA,62.57931803696622,NAO_COMPRARIA,2026-08-03
AAGR11,FIAGRO,60.78081889019099,NAO_COMPRARIA,2026-08-03
VTRU3,AÇÃO B3,92.72410714285716,ESPERARIA,2026-08-10
A1MD34,AÇÃO GLOBAL / BDR,92.59512592592591,ESPERARIA,2026-08-10
JHSF3,AÇÃO B3,92.01472816399286,ESPERARIA,2026-08-10
MUTC34,AÇÃO GLOBAL / BDR,91.8282792022792,ESPERARIA,2026-08-10
JPMC34,AÇÃO GLOBAL / BDR,91.2567435897436,ESPERARIA,2026-08-10
PETR4,AÇÃO B3,91.08589015151516,ESPERARIA,2026-08-10
COCA34,AÇÃO GLOBAL / BDR,90.71410427350428,ESPERARIA,2026-08-10
SEER3,AÇÃO B3,90.25137987012988,ESPERARIA,2026-08-10
ISEN11,ETF,90.18271604938272,ESPERARIA,2026-08-10
ASML34,AÇÃO GLOBAL / BDR,90.07676866096864,ESPERARIA,2026-08-10
AZIN11,FI-INFRA,89.82870370370371,ESPERARIA,2026-08-10
PETR3,AÇÃO B3,89.75526244588744,ESPERARIA,2026-08-10
SPXR11,ETF,89.56976113794956,ESPERARIA,2026-08-10
CAUT11,FIDC,89.5679012345679,ESPERARIA,2026-08-10
D1EL34,AÇÃO GLOBAL / BDR,89.49339601139602,ESPERARIA,2026-08-10
VGIR11,FII,89.45726269985833,ESPERARIA,2026-08-10
CBAV3,AÇÃO B3,89.28191287878788,ESPERARIA,2026-08-10
S1TX34,AÇÃO GLOBAL / BDR,88.79478632478633,ESPERARIA,2026-08-10
IVVB11,ETF,88.67909017713366,ESPERARIA,2026-08-10
MILS3,AÇÃO B3,88.6677666083916,ESPERARIA,2026-08-10
MCCI11,FII,88.50239728799838,ESPERARIA,2026-08-10
AMZO34,AÇÃO GLOBAL / BDR,88.20932478632477,ESPERARIA,2026-08-10
VBBR3,AÇÃO B3,88.11950757575757,ESPERARIA,2026-08-10
WRLD11,ETF,87.90662909286098,ESPERARIA,2026-08-10
RZLC11,FII,87.81838899008298,ESPERARIA,2026-08-10
BOAC34,AÇÃO GLOBAL / BDR,87.57999658119657,ESPERARIA,2026-08-10
PFIN11,FIP,87.52962962962962,ESPERARIA,2026-08-10
SNEL11,FII,87.45764420157863,ESPERARIA,2026-08-10
KNUQ11,FII,87.15155029346286,ESPERARIA,2026-08-10
SPXU11,ETF,87.11305689747718,ESPERARIA,2026-08-10
GGBR4,AÇÃO B3,87.01231060606061,ESPERARIA,2026-08-10
TSMC34,AÇÃO GLOBAL / BDR,86.9927943019943,ESPERARIA,2026-08-10
KNCR11,FII,86.85067192875935,ESPERARIA,2026-08-10
TAEE3,AÇÃO B3,86.49505198748619,ESPERARIA,2026-08-10
TXSA34,AÇÃO GLOBAL / BDR,86.4184735042735,ESPERARIA,2026-08-10
BINC11,ETF,86.40022544283414,ESPERARIA,2026-08-10
GCRI11,FII,86.32875227686702,ESPERARIA,2026-08-10
BBSE3,AÇÃO B3,85.9007148553201,ESPERARIA,2026-08-10
NVDC34,AÇÃO GLOBAL / BDR,85.80968603988603,ESPERARIA,2026-08-10
AFHF11,FII,85.79776563448695,ESPERARIA,2026-08-10
SNME11,FII,85.45457194899816,ESPERARIA,2026-08-10
SPYI11,ETF,85.44412238325282,ESPERARIA,2026-08-10
SAUD3,AÇÃO B3,85.39583333333333,ESPERARIA,2026-08-10
SNFZ11,FIAGRO,85.38956590999602,ESPERARIA,2026-08-10
AIRB34,AÇÃO GLOBAL / BDR,85.18627635327636,ESPERARIA,2026-08-10
KNSC11,FII,85.1493159279498,ESPERARIA,2026-08-10
TAEE4,AÇÃO B3,84.91146945160102,ESPERARIA,2026-08-10
IFRI11,ETF,84.78203166935052,ESPERARIA,2026-08-10
KNHY11,FII,84.78079133778587,ESPERARIA,2026-08-10
A1NE34,AÇÃO GLOBAL / BDR,84.63562962962962,ESPERARIA,2026-08-10
EXES11,FII,84.46024691358025,ESPERARIA,2026-08-10
ISAE4,AÇÃO B3,84.15815314071892,ESPERARIA,2026-08-10
GPUS11,ETF,84.10117552334943,ESPERARIA,2026-08-10
A1MT34,AÇÃO GLOBAL / BDR,84.0595680911681,ESPERARIA,2026-08-10
RCRI11,FII,84.04109593199756,ESPERARIA,2026-08-10
RZAT11,FII,83.72810969439385,ESPERARIA,2026-08-10
GOAU4,AÇÃO B3,83.53560606060606,ESPERARIA,2026-08-10
D1DG34,AÇÃO GLOBAL / BDR,83.51588433048431,ESPERARIA,2026-08-10
ACWI11,ETF,83.43173913043478,ESPERARIA,2026-08-10
AURB11,FII,83.36957194899819,ESPERARIA,2026-08-10
PORD11,FII,83.0678992106861,ESPERARIA,2026-08-10
FLRY3,AÇÃO B3,83.06448863636363,ESPERARIA,2026-08-10
S1TT34,AÇÃO GLOBAL / BDR,82.93425242165242,ESPERARIA,2026-08-10
CPTR11,FIAGRO,82.86178813221824,ESPERARIA,2026-08-10
VCRI11,FII,82.76063145112326,ESPERARIA,2026-08-10
NASD11,ETF,82.75421631776703,ESPERARIA,2026-08-10
MXRF11,FII,82.39808945557579,ESPERARIA,2026-08-10
S2NW34,AÇÃO GLOBAL / BDR,82.3822131054131,ESPERARIA,2026-08-10
ISET11,ETF,82.11663177670424,ESPERARIA,2026-08-10
MOTV3,AÇÃO B3,82.09120775058275,ESPERARIA,2026-08-10
SAPI11,FII,81.97471564460635,ESPERARIA,2026-08-10
CTGP34,AÇÃO GLOBAL / BDR,81.77377378917379,ESPERARIA,2026-08-10
KNIP11,FII,81.65551103015582,ESPERARIA,2026-08-10
ISTT11,ETF,81.49670155662909,ESPERARIA,2026-08-10
LEVE3,AÇÃO B3,81.36788775917066,ESPERARIA,2026-08-10
AAPL34,AÇÃO GLOBAL / BDR,81.23217891737892,ESPERARIA,2026-08-10
CXSE3,AÇÃO B3,80.90527170198223,ESPERARIA,2026-08-10
VWRA11,ETF,80.83825281803543,ESPERARIA,2026-08-10
LOGG3,AÇÃO B3,80.42983511586453,ESPERARIA,2026-08-10
SNAG11,FIAGRO,80.3768418956591,ESPERARIA,2026-08-10
DOLA11,ETF,80.19270531400966,ESPERARIA,2026-08-10
SVAL11,ETF,79.46839237788512,ESPERARIA,2026-08-10
BRZP11,FIP,79.13271604938271,ESPERARIA,2026-08-10
DOLB11,ETF,78.8345732689211,ESPERARIA,2026-08-10
EXIF11,FI-INFRA,78.78487654320988,ESPERARIA,2026-08-10
GOAT11,ETF,78.03890230810521,ESPERARIA,2026-08-10
NEXG11,FIAGRO,77.24892473118278,NAO_COMPRARIA,2026-08-10
TECK11,ETF,77.22693505099303,NAO_COMPRARIA,2026-08-10
UTEC11,ETF,76.45972088030058,NAO_COMPRARIA,2026-08-10
VHFA11,FIAGRO,74.8915969733174,NAO_COMPRARIA,2026-08-10
EGAF11,FIAGRO,72.51933492632418,NAO_COMPRARIA,2026-08-10
ENDD11,FIP,70.7672839506173,NAO_COMPRARIA,2026-08-10
JURO11,FI-INFRA,70.32067901234568,NAO_COMPRARIA,2026-08-10
FGAA11,FIAGRO,70.2594982078853,NAO_COMPRARIA,2026-08-10
KNCA11,FIAGRO,67.70876144962166,NAO_COMPRARIA,2026-08-10
KOPA11,FIAGRO,65.42429311031461,NAO_COMPRARIA,2026-08-10
AAGR11,FIAGRO,62.94454400637196,NAO_COMPRARIA,2026-08-10
KDIF11,FI-INFRA,62.887962962962966,NAO_COMPRARIA,2026-08-10
PPEI11,FIP,62.75493827160493,NAO_COMPRARIA,2026-08-10
CRAA11,FIAGRO,60.66497411389884,NAO_COMPRARIA,2026-08-10
COCA34,AÇÃO GLOBAL / BDR,92.6702379182156,ESPERARIA,2026-08-17
JHSF3,AÇÃO B3,92.53823529411764,ESPERARIA,2026-08-17
JPMC34,AÇÃO GLOBAL / BDR,91.911892388965,ESPERARIA,2026-08-17
PETR4,AÇÃO B3,91.50492714723929,ESPERARIA,2026-08-17
MUTC34,AÇÃO GLOBAL / BDR,91.37404500097828,ESPERARIA,2026-08-17
LILY34,AÇÃO GLOBAL / BDR,90.60836118176482,ESPERARIA,2026-08-17
ALUP11,AÇÃO B3,90.5031741325352,ESPERARIA,2026-08-17
SPXR11,ETF,90.18488228004956,ESPERARIA,2026-08-17
AAPL34,AÇÃO GLOBAL / BDR,89.98175542946586,ESPERARIA,2026-08-17
CBAV3,AÇÃO B3,89.9272814417178,ESPERARIA,2026-08-17
AZIN11,FI-INFRA,89.56459107806691,ESPERARIA,2026-08-17
VTRU3,AÇÃO B3,89.4889050175285,ESPERARIA,2026-08-17
F1TN34,AÇÃO GLOBAL / BDR,89.39952885932303,ESPERARIA,2026-08-17
EXES11,FII,89.28415330295064,ESPERARIA,2026-08-17
ISEN11,ETF,89.25883842465385,ESPERARIA,2026-08-17
FLRY3,AÇÃO B3,89.02151073619632,ESPERARIA,2026-08-17
N1TA34,AÇÃO GLOBAL / BDR,88.74461827431031,ESPERARIA,2026-08-17
BBSE3,AÇÃO B3,88.44518788343558,ESPERARIA,2026-08-17
CAUT11,FIDC,88.43556381660471,ESPERARIA,2026-08-17
IVVB11,ETF,88.43248477991487,ESPERARIA,2026-08-17
KNCR11,FII,88.41247038206488,ESPERARIA,2026-08-17
M1RN34,AÇÃO GLOBAL / BDR,88.17671884171395,ESPERARIA,2026-08-17
ISAE4,AÇÃO B3,87.95170916022951,ESPERARIA,2026-08-17
VGIR11,FII,87.89514032549916,ESPERARIA,2026-08-17
WRLD11,ETF,87.69175690964927,ESPERARIA,2026-08-17
A1MD34,AÇÃO GLOBAL / BDR,87.62279710428487,ESPERARIA,2026-08-17
RZLC11,FII,87.58944694176996,ESPERARIA,2026-08-17
VBBR3,AÇÃO B3,87.51299672336866,ESPERARIA,2026-08-17
PFIN11,FIP,87.44950433705081,ESPERARIA,2026-08-17
KNUQ11,FII,87.27573584690442,ESPERARIA,2026-08-17
AIRB34,AÇÃO GLOBAL / BDR,87.07341811778517,ESPERARIA,2026-08-17
SPXU11,ETF,86.91831528473682,ESPERARIA,2026-08-17
MILS3,AÇÃO B3,86.84538599182005,ESPERARIA,2026-08-17
SNEL11,FII,86.65711737775634,ESPERARIA,2026-08-17
MRCK34,AÇÃO GLOBAL / BDR,86.5233402465271,ESPERARIA,2026-08-17
TJKB11,FII,86.34345035334131,ESPERARIA,2026-08-17
PETR3,AÇÃO B3,86.3363250438212,ESPERARIA,2026-08-17
BINC11,ETF,86.25831851732127,ESPERARIA,2026-08-17
SNME11,FII,86.00130655923847,ESPERARIA,2026-08-17
A1NE34,AÇÃO GLOBAL / BDR,85.94495754255527,ESPERARIA,2026-08-17
KNSC11,FII,85.65494392683269,ESPERARIA,2026-08-17
ASML34,AÇÃO GLOBAL / BDR,85.3969763255723,ESPERARIA,2026-08-17
VCRI11,FII,85.32789970602417,ESPERARIA,2026-08-17
ISTT11,ETF,85.31009374494909,ESPERARIA,2026-08-17
AFHF11,FII,85.02721065156865,ESPERARIA,2026-08-17
TAEE4,AÇÃO B3,84.93286764797196,ESPERARIA,2026-08-17
BOAC34,AÇÃO GLOBAL / BDR,84.82453414204656,ESPERARIA,2026-08-17
SPYI11,ETF,84.61756909649264,ESPERARIA,2026-08-17
PORD11,FII,84.60845945259317,ESPERARIA,2026-08-17
SNAG11,FIAGRO,84.58824399408402,ESPERARIA,2026-08-17
BMGB4,AÇÃO B3,84.49975076687116,ESPERARIA,2026-08-17
MCCI11,FII,84.28436017483007,ESPERARIA,2026-08-17
AMZO34,AÇÃO GLOBAL / BDR,84.27270905889257,ESPERARIA,2026-08-17
OPCT3,AÇÃO B3,84.0650945807771,ESPERARIA,2026-08-17
IFRI11,ETF,83.98452400193955,ESPERARIA,2026-08-17
KNHY11,FII,83.79429261742182,ESPERARIA,2026-08-17
D1EL34,AÇÃO GLOBAL / BDR,83.74429661514381,ESPERARIA,2026-08-17
SEER3,AÇÃO B3,83.4957657756354,ESPERARIA,2026-08-17
ACWI11,ETF,83.37322611928236,ESPERARIA,2026-08-17
MXRF11,FII,83.26049369274081,ESPERARIA,2026-08-17
S2NW34,AÇÃO GLOBAL / BDR,83.14809234983369,ESPERARIA,2026-08-17
ALZC11,FII,82.95904455263307,ESPERARIA,2026-08-17
GPUS11,ETF,82.72847098755454,ESPERARIA,2026-08-17
KNIP11,FII,82.63554981775572,ESPERARIA,2026-08-17
CXSE3,AÇÃO B3,82.60515720858895,ESPERARIA,2026-08-17
VISA34,AÇÃO GLOBAL / BDR,82.56341968303659,ESPERARIA,2026-08-17
TMPS11,FII,82.26607871500937,ESPERARIA,2026-08-17
HYPE3,AÇÃO B3,82.14133435582822,ESPERARIA,2026-08-17
NEXG11,FIAGRO,82.09650437702362,ESPERARIA,2026-08-17
TSMC34,AÇÃO GLOBAL / BDR,81.94415222070045,ESPERARIA,2026-08-17
VWRA11,ETF,81.91543828457519,ESPERARIA,2026-08-17
AFHI11,FII,81.90001088799366,ESPERARIA,2026-08-17
TRXB11,FII,81.56912268694944,ESPERARIA,2026-08-17
TGMA3,AÇÃO B3,81.52230316973416,ESPERARIA,2026-08-17
A1MT34,AÇÃO GLOBAL / BDR,81.41608921933084,ESPERARIA,2026-08-17
SVAL11,ETF,81.19298798556113,ESPERARIA,2026-08-17
MULT3,AÇÃO B3,81.0333577679538,ESPERARIA,2026-08-17
GGBR4,AÇÃO B3,80.58959794040315,ESPERARIA,2026-08-17
DOLB11,ETF,80.42939766176391,ESPERARIA,2026-08-17
NASD11,ETF,79.74969829211788,ESPERARIA,2026-08-17
VHFA11,FIAGRO,79.70636367270257,ESPERARIA,2026-08-17
TECK11,ETF,79.1384004094607,ESPERARIA,2026-08-17
EXIF11,FI-INFRA,78.72289343246592,ESPERARIA,2026-08-17
BRZP11,FIP,78.55472945064022,ESPERARIA,2026-08-17
DOLA11,ETF,78.39816820214428,ESPERARIA,2026-08-17
GOAT11,ETF,77.76933624265934,NAO_COMPRARIA,2026-08-17
UTEC11,ETF,76.86559721997737,NAO_COMPRARIA,2026-08-17
EGAF11,FIAGRO,76.76526362073788,NAO_COMPRARIA,2026-08-17
SPXB11,ETF,76.25206885404882,NAO_COMPRARIA,2026-08-17
AAGR11,FIAGRO,74.3999580285406,NAO_COMPRARIA,2026-08-17
FGAA11,FIAGRO,72.12627813087101,NAO_COMPRARIA,2026-08-17
ENDD11,FIP,70.70559686080134,NAO_COMPRARIA,2026-08-17
JURO11,FI-INFRA,70.03621437422552,NAO_COMPRARIA,2026-08-17
KNCA11,FIAGRO,69.73870168285565,NAO_COMPRARIA,2026-08-17
CPTR11,FIAGRO,67.30169884478555,NAO_COMPRARIA,2026-08-17
CRAA11,FIAGRO,65.01289523124275,NAO_COMPRARIA,2026-08-17
PPEI11,FIP,62.71024370095001,NAO_COMPRARIA,2026-08-17
RIFF11,FI-INFRA,62.702881040892194,NAO_COMPRARIA,2026-08-17
RURA11,FIAGRO,62.45603389695007,NAO_COMPRARIA,2026-08-17
SNFZ11,FIAGRO,60.130715113722665,NAO_COMPRARIA,2026-08-17
SPXR11,ETF,94.9870024875622,ESPERARIA,2026-08-24
AZIN11,FI-INFRA,94.18097014925374,ESPERARIA,2026-08-24
ISEN11,ETF,94.09266169154228,ESPERARIA,2026-08-24
JHSF3,AÇÃO B3,93.915625,ESPERARIA,2026-08-24
KNCR11,FII,93.52049257843017,ESPERARIA,2026-08-24
PETR4,AÇÃO B3,93.36030667701864,ESPERARIA,2026-08-24
IVVB11,ETF,93.3516791044776,ESPERARIA,2026-08-24
CAUT11,FIDC,93.238184079602,ESPERARIA,2026-08-24
KNUQ11,FII,93.1382940668558,ESPERARIA,2026-08-24
VGIR11,FII,92.81915628469224,ESPERARIA,2026-08-24
FLRY3,AÇÃO B3,92.7218410326087,ESPERARIA,2026-08-24
JPMC34,AÇÃO GLOBAL / BDR,92.66944776119404,ESPERARIA,2026-08-24
WRLD11,ETF,92.52929104477612,ESPERARIA,2026-08-24
RZLC11,FII,92.4714773241232,ESPERARIA,2026-08-24
PFIN11,FIP,92.04601990049753,ESPERARIA,2026-08-24
SNEL11,FII,92.03201348628755,ESPERARIA,2026-08-24
NVDC34,AÇÃO GLOBAL / BDR,91.91307422809616,ESPERARIA,2026-08-24
ISAE4,AÇÃO B3,91.881915542897,ESPERARIA,2026-08-24
SPXU11,ETF,91.85373134328358,ESPERARIA,2026-08-24
SNME11,FII,91.41826610747914,ESPERARIA,2026-08-24
ALUP11,AÇÃO B3,91.40802865612648,ESPERARIA,2026-08-24
COCA34,AÇÃO GLOBAL / BDR,91.16652159052067,ESPERARIA,2026-08-24
KNSC11,FII,91.10990913202582,ESPERARIA,2026-08-24
BINC11,ETF,91.03644278606966,ESPERARIA,2026-08-24
AFHF11,FII,90.81595329139428,ESPERARIA,2026-08-24
VTRU3,AÇÃO B3,90.74772157190635,ESPERARIA,2026-08-24
F1TN34,AÇÃO GLOBAL / BDR,90.51747641563176,ESPERARIA,2026-08-24
MCCI11,FII,90.49739936680236,ESPERARIA,2026-08-24
VBBR3,AÇÃO B3,90.20224184782607,ESPERARIA,2026-08-24
SPYI11,ETF,90.19452736318408,ESPERARIA,2026-08-24
VCRI11,FII,90.1521319024711,ESPERARIA,2026-08-24
PORD11,FII,89.84112289790717,ESPERARIA,2026-08-24
M1RN34,AÇÃO GLOBAL / BDR,89.8144163153697,ESPERARIA,2026-08-24
EXES11,FII,89.53761975247728,ESPERARIA,2026-08-24
CBAV3,AÇÃO B3,89.40257437070937,ESPERARIA,2026-08-24
ISET11,ETF,89.30503731343283,ESPERARIA,2026-08-24
TXSA34,AÇÃO GLOBAL / BDR,89.275505468839,ESPERARIA,2026-08-24
SNAG11,FIAGRO,89.08101428342161,ESPERARIA,2026-08-24
KNHY11,FII,89.06231446075408,ESPERARIA,2026-08-24
PETR3,AÇÃO B3,88.85254270186334,ESPERARIA,2026-08-24
BTCI11,FII,88.74739114345627,ESPERARIA,2026-08-24
MRCK34,AÇÃO GLOBAL / BDR,88.69660954768145,ESPERARIA,2026-08-24
ACWI11,ETF,88.67201492537313,ESPERARIA,2026-08-24
KNIP11,FII,88.33212861313268,ESPERARIA,2026-08-24
VISA34,AÇÃO GLOBAL / BDR,88.11876586532983,ESPERARIA,2026-08-24
MILS3,AÇÃO B3,88.11307259316769,ESPERARIA,2026-08-24
VWRA11,ETF,88.03837064676615,ESPERARIA,2026-08-24
ALZC11,FII,87.85679659553472,ESPERARIA,2026-08-24
AAPL34,AÇÃO GLOBAL / BDR,87.58125800387377,ESPERARIA,2026-08-24
AFHI11,FII,87.45611405781013,ESPERARIA,2026-08-24
BBSE3,AÇÃO B3,87.4417415822164,ESPERARIA,2026-08-24
GPUS11,ETF,87.39726368159204,ESPERARIA,2026-08-24
TMPS11,FII,87.0762263064841,ESPERARIA,2026-08-24
A1NE34,AÇÃO GLOBAL / BDR,87.02340685883559,ESPERARIA,2026-08-24
NEXG11,FIAGRO,86.77331086502969,ESPERARIA,2026-08-24
ISTT11,ETF,86.70783582089553,ESPERARIA,2026-08-24
SEER3,AÇÃO B3,86.68133361204013,ESPERARIA,2026-08-24
SAPI11,FII,86.66212121212122,ESPERARIA,2026-08-24
BOAC34,AÇÃO GLOBAL / BDR,86.46906317648398,ESPERARIA,2026-08-24
GCRI11,FII,86.36066979153817,ESPERARIA,2026-08-24
IFRI11,ETF,86.06803482587065,ESPERARIA,2026-08-24
BMGB4,AÇÃO B3,85.91804102647922,ESPERARIA,2026-08-24
N1TA34,AÇÃO GLOBAL / BDR,85.90630158368462,ESPERARIA,2026-08-24
AIRB34,AÇÃO GLOBAL / BDR,85.30390566252706,ESPERARIA,2026-08-24
SVAL11,ETF,85.26231343283581,ESPERARIA,2026-08-24
CXSE3,AÇÃO B3,85.1787471395881,ESPERARIA,2026-08-24
S2NW34,AÇÃO GLOBAL / BDR,84.70115899510081,ESPERARIA,2026-08-24
OPCT3,AÇÃO B3,84.64116847826085,ESPERARIA,2026-08-24
DOLB11,ETF,84.50298507462686,ESPERARIA,2026-08-24
VHFA11,FIAGRO,84.4537674530573,ESPERARIA,2026-08-24
GGBR4,AÇÃO B3,84.174971395881,ESPERARIA,2026-08-24
ASML34,AÇÃO GLOBAL / BDR,84.01458396946565,ESPERARIA,2026-08-24
EXIF11,FI-INFRA,83.8731343283582,ESPERARIA,2026-08-24
NASD11,ETF,83.75833333333334,ESPERARIA,2026-08-24
ENDD11,FIP,83.59100331674958,ESPERARIA,2026-08-24
TGMA3,AÇÃO B3,83.56401397515528,ESPERARIA,2026-08-24
MSCD34,AÇÃO GLOBAL / BDR,83.4598895408454,ESPERARIA,2026-08-24
DOLA11,ETF,83.03669154228855,ESPERARIA,2026-08-24
GOAU4,AÇÃO B3,82.9333667048055,ESPERARIA,2026-08-24
UNHH34,AÇÃO GLOBAL / BDR,82.90589660476245,ESPERARIA,2026-08-24
MOTV3,AÇÃO B3,82.43998447204967,ESPERARIA,2026-08-24
D1EL34,AÇÃO GLOBAL / BDR,82.33576934032129,ESPERARIA,2026-08-24
GOAT11,ETF,82.31380597014925,ESPERARIA,2026-08-24
EGAF11,FIAGRO,81.9244583533943,ESPERARIA,2026-08-24
HYPE3,AÇÃO B3,81.92261257763974,ESPERARIA,2026-08-24
LILY34,AÇÃO GLOBAL / BDR,81.76073162811895,ESPERARIA,2026-08-24
TECK11,ETF,81.66952736318407,ESPERARIA,2026-08-24
W1AB34,AÇÃO GLOBAL / BDR,81.14886555770764,ESPERARIA,2026-08-24
SPXB11,ETF,80.89701492537313,ESPERARIA,2026-08-24
AAGR11,FIAGRO,79.48836462847055,ESPERARIA,2026-08-24
FGAA11,FIAGRO,76.9254614026641,NAO_COMPRARIA,2026-08-24
BRZP11,FIP,75.64676616915423,NAO_COMPRARIA,2026-08-24
JURO11,FI-INFRA,75.44116915422886,NAO_COMPRARIA,2026-08-24
KNCA11,FIAGRO,74.61728454501684,NAO_COMPRARIA,2026-08-24
CRAA11,FIAGRO,72.34896886535067,NAO_COMPRARIA,2026-08-24
BTAG11,FIAGRO,69.6991333654309,NAO_COMPRARIA,2026-08-24
KDIF11,FI-INFRA,67.64203980099502,NAO_COMPRARIA,2026-08-24
PPEI11,FIP,67.52777777777777,NAO_COMPRARIA,2026-08-24
CPTR11,FIAGRO,67.36297143315679,NAO_COMPRARIA,2026-08-24
SNFZ11,FIAGRO,65.08759428663136,NAO_COMPRARIA,2026-08-24
ALZC11,FII,88.28448551397052,ESPERARIA,2026-08-31
SAPI11,FII,86.56898907103823,ESPERARIA,2026-08-31
AIRB34,AÇÃO GLOBAL / BDR,84.90425173463176,ESPERARIA,2026-08-31
DOLA11,ETF,84.26421383647798,ESPERARIA,2026-08-31
W1AB34,AÇÃO GLOBAL / BDR,83.64220060864272,ESPERARIA,2026-08-31
CXSE3,AÇÃO B3,83.55297074207257,ESPERARIA,2026-08-31
LILY34,AÇÃO GLOBAL / BDR,82.9882958003652,ESPERARIA,2026-08-31
TGMA3,AÇÃO B3,81.89805900621118,ESPERARIA,2026-08-31
UNHH34,AÇÃO GLOBAL / BDR,81.75284844796104,ESPERARIA,2026-08-31
ISNT11,ETF,80.6275786163522,ESPERARIA,2026-08-31
I1VZ34,AÇÃO GLOBAL / BDR,80.5174010955569,ESPERARIA,2026-08-31
CRAA11,FIAGRO,73.74103773584906,NAO_COMPRARIA,2026-08-31
KNOX11,FIP,67.16299790356393,NAO_COMPRARIA,2026-08-31
KDIF11,FI-INFRA,66.93081761006289,NAO_COMPRARIA,2026-08-31
BTAG11,FIAGRO,66.53946540880503,NAO_COMPRARIA,2026-08-31
SNFZ11,FIAGRO,64.06242138364779,NAO_COMPRARIA,2026-08-31
SPXR11,ETF,95.30743494423793,ESPERARIA,2026-08-31
RZLC11,FII,94.87196609584171,ESPERARIA,2026-08-31
JHSF3,AÇÃO B3,94.23823529411764,ESPERARIA,2026-08-31
AZIN11,FI-INFRA,94.091697645601,ESPERARIA,2026-08-31
ISEN11,ETF,93.59331418271938,ESPERARIA,2026-08-31
PETR4,AÇÃO B3,93.53156114718614,ESPERARIA,2026-08-31
VGIR11,FII,93.46837761797389,ESPERARIA,2026-08-31
JPMC34,AÇÃO GLOBAL / BDR,93.18391821561336,ESPERARIA,2026-08-31
KNCR11,FII,93.0521720803624,ESPERARIA,2026-08-31
IVVB11,ETF,92.84226653148583,ESPERARIA,2026-08-31
VTRU3,AÇÃO B3,92.59814976689978,ESPERARIA,2026-08-31
KNUQ11,FII,92.53615038495136,ESPERARIA,2026-08-31
AAPL34,AÇÃO GLOBAL / BDR,92.4556247309724,ESPERARIA,2026-08-31
CAUT11,FIDC,92.37856257744734,ESPERARIA,2026-08-31
WRLD11,ETF,92.1691618790132,ESPERARIA,2026-08-31
SEER3,AÇÃO B3,92.09121503496505,ESPERARIA,2026-08-31
VCRI11,FII,91.98850986247383,ESPERARIA,2026-08-31
PFIN11,FIP,91.70167286245352,ESPERARIA,2026-08-31
KNSC11,FII,91.61115190850548,ESPERARIA,2026-08-31
BOAC34,AÇÃO GLOBAL / BDR,91.56484054001174,ESPERARIA,2026-08-31
AFHF11,FII,91.30126505779349,ESPERARIA,2026-08-31
FLRY3,AÇÃO B3,91.2967803030303,ESPERARIA,2026-08-31
SPXU11,ETF,91.25039427734596,ESPERARIA,2026-08-31
NVDC34,AÇÃO GLOBAL / BDR,91.01860653492469,ESPERARIA,2026-08-31
SNEL11,FII,90.99266916529548,ESPERARIA,2026-08-31
VBBR3,AÇÃO B3,90.78304924242424,ESPERARIA,2026-08-31
SNME11,FII,90.67341042517316,ESPERARIA,2026-08-31
VHFA11,FIAGRO,90.65752288443858,ESPERARIA,2026-08-31
BINC11,ETF,90.43150275994142,ESPERARIA,2026-08-31
EXES11,FII,90.33337954780912,ESPERARIA,2026-08-31
COCA34,AÇÃO GLOBAL / BDR,90.24558442574838,ESPERARIA,2026-08-31
MCCI11,FII,89.9990721555244,ESPERARIA,2026-08-31
PETR3,AÇÃO B3,89.9460633116883,ESPERARIA,2026-08-31
BTCI11,FII,89.68358979828143,ESPERARIA,2026-08-31
VWRA11,ETF,89.59309451391235,ESPERARIA,2026-08-31
D1EL34,AÇÃO GLOBAL / BDR,89.4900344355312,ESPERARIA,2026-08-31
PORD11,FII,89.30922918317182,ESPERARIA,2026-08-31
CBAV3,AÇÃO B3,89.18030303030301,ESPERARIA,2026-08-31
TXSA34,AÇÃO GLOBAL / BDR,88.96057366464488,ESPERARIA,2026-08-31
ACWI11,ETF,88.94997746986594,ESPERARIA,2026-08-31
HGCR11,FII,88.88660643549272,ESPERARIA,2026-08-31
BMGB4,AÇÃO B3,88.59863579403054,ESPERARIA,2026-08-31
TMPS11,FII,88.4429393422309,ESPERARIA,2026-08-31
MRCK34,AÇÃO GLOBAL / BDR,88.32697906476227,ESPERARIA,2026-08-31
ISET11,ETF,88.13678607637715,ESPERARIA,2026-08-31
KNHY11,FII,88.13545462855748,ESPERARIA,2026-08-31
ALUP11,AÇÃO B3,87.83633021390374,ESPERARIA,2026-08-31
F1TN34,AÇÃO GLOBAL / BDR,87.73531755038152,ESPERARIA,2026-08-31
MXRF11,FII,87.62213470250066,ESPERARIA,2026-08-31
GPUS11,ETF,87.43784499267771,ESPERARIA,2026-08-31
EGAF11,FIAGRO,87.43213015149698,ESPERARIA,2026-08-31
MILS3,AÇÃO B3,87.35846861471862,ESPERARIA,2026-08-31
AFHI11,FII,87.29650649034066,ESPERARIA,2026-08-31
M1RN34,AÇÃO GLOBAL / BDR,87.16252592447661,ESPERARIA,2026-08-31
KNIP11,FII,86.9829275600788,ESPERARIA,2026-08-31
BBSE3,AÇÃO B3,86.90861528822055,ESPERARIA,2026-08-31
IFRI11,ETF,86.77211332657428,ESPERARIA,2026-08-31
CPUR11,FII,86.69195411054908,ESPERARIA,2026-08-31
MSFT34,AÇÃO GLOBAL / BDR,86.62572686362746,ESPERARIA,2026-08-31
ISAE4,AÇÃO B3,86.36741310160427,ESPERARIA,2026-08-31
GOAT11,ETF,86.10049566294919,ESPERARIA,2026-08-31
MUTC34,AÇÃO GLOBAL / BDR,86.00610995891213,ESPERARIA,2026-08-31
OPCT3,AÇÃO B3,85.93618777056277,ESPERARIA,2026-08-31
SPYI11,ETF,85.45589163005519,ESPERARIA,2026-08-31
AMZO34,AÇÃO GLOBAL / BDR,85.43681275679906,ESPERARIA,2026-08-31
MOTV3,AÇÃO B3,85.1001149891775,ESPERARIA,2026-08-31
N1TA34,AÇÃO GLOBAL / BDR,84.89057875171198,ESPERARIA,2026-08-31
ISTT11,ETF,84.80831361946603,ESPERARIA,2026-08-31
SNAG11,FIAGRO,84.55528640524443,ESPERARIA,2026-08-31
HYPE3,AÇÃO B3,84.47386363636363,ESPERARIA,2026-08-31
A1NE34,AÇÃO GLOBAL / BDR,84.31918489532381,ESPERARIA,2026-08-31
TECK11,ETF,84.14908752957079,ESPERARIA,2026-08-31
GGBR4,AÇÃO B3,83.8496212121212,ESPERARIA,2026-08-31
S2NW34,AÇÃO GLOBAL / BDR,83.76176873410292,ESPERARIA,2026-08-31
NASD11,ETF,83.49395065900642,ESPERARIA,2026-08-31
GOAU4,AÇÃO B3,83.40860247208931,ESPERARIA,2026-08-31
ENDD11,FIP,83.30679471292854,ESPERARIA,2026-08-31
H1SB34,AÇÃO GLOBAL / BDR,83.2242707884954,ESPERARIA,2026-08-31
MULT3,AÇÃO B3,82.90977606951871,ESPERARIA,2026-08-31
SVAL11,ETF,82.7153937140926,ESPERARIA,2026-08-31
EXIF11,FI-INFRA,82.44981412639405,ESPERARIA,2026-08-31
CTGP34,AÇÃO GLOBAL / BDR,82.43098102132655,ESPERARIA,2026-08-31
NEXG11,FIAGRO,82.20481072870447,ESPERARIA,2026-08-31
CSED3,AÇÃO B3,82.16199009324009,ESPERARIA,2026-08-31
VISA34,AÇÃO GLOBAL / BDR,81.89837526902758,ESPERARIA,2026-08-31
UTEC11,ETF,81.85660132927791,ESPERARIA,2026-08-31
JNJB34,AÇÃO GLOBAL / BDR,81.30706319702601,ESPERARIA,2026-08-31
DIVO11,ETF,81.03064661484734,ESPERARIA,2026-08-31
SPXB11,ETF,80.16200292891742,ESPERARIA,2026-08-31
FGAA11,FIAGRO,78.90015189671023,ESPERARIA,2026-08-31
RZAG11,FIAGRO,76.22752928008954,NAO_COMPRARIA,2026-08-31
PPEI11,FIP,75.37401900041306,NAO_COMPRARIA,2026-08-31
JURO11,FI-INFRA,74.81208178438662,NAO_COMPRARIA,2026-08-31
VGIA11,FIAGRO,73.79984010872606,NAO_COMPRARIA,2026-08-31
XPCA11,FIAGRO,71.52174921053684,NAO_COMPRARIA,2026-08-31
AAGR11,FIAGRO,69.0182575848423,NAO_COMPRARIA,2026-08-31
RIFF11,FI-INFRA,67.44188351920694,NAO_COMPRARIA,2026-08-31
BRZP11,FIP,67.42730276745147,NAO_COMPRARIA,2026-08-31
CPTR11,FIAGRO,66.72938801614902,NAO_COMPRARIA,2026-08-31
RURA11,FIAGRO,64.36473597953392,NAO_COMPRARIA,2026-08-31
SPXR11,ETF,95.10834879406308,ESPERARIA,2026-09-07
JHSF3,AÇÃO B3,94.66838235294118,ESPERARIA,2026-09-07
LFTS11,ETF,94.44896120610406,ESPERARIA,2026-09-07
LFTB11,ETF,93.6514165371308,ESPERARIA,2026-09-07
PETR4,AÇÃO B3,93.53664189478184,ESPERARIA,2026-09-07
AZIN11,FI-INFRA,93.53517316017316,ESPERARIA,2026-09-07
KNCR11,FII,93.41349138761316,ESPERARIA,2026-09-07
JPMC34,AÇÃO GLOBAL / BDR,93.35967346938776,ESPERARIA,2026-09-07
RZLC11,FII,92.99112148585216,ESPERARIA,2026-09-07
AAPL34,AÇÃO GLOBAL / BDR,92.81417400644467,ESPERARIA,2026-09-07
CAUT11,FIDC,92.80117501546071,ESPERARIA,2026-09-07
GLFT11,ETF,92.78126828126828,ESPERARIA,2026-09-07
VGIR11,FII,92.57200695479384,ESPERARIA,2026-09-07
SEER3,AÇÃO B3,92.2795252043989,ESPERARIA,2026-09-07
VCRI11,FII,92.19147682918177,ESPERARIA,2026-09-07
DEBB11,ETF,92.101287001287,ESPERARIA,2026-09-07
BRZP11,FIP,91.9383632240775,ESPERARIA,2026-09-07
KNUQ11,FII,91.90054999645164,ESPERARIA,2026-09-07
VBBR3,AÇÃO B3,91.78740133369624,ESPERARIA,2026-09-07
KNSC11,FII,91.5329734278212,ESPERARIA,2026-09-07
BOAC34,AÇÃO GLOBAL / BDR,91.53132389415096,ESPERARIA,2026-09-07
VTRU3,AÇÃO B3,91.32115978379778,ESPERARIA,2026-09-07
ISEN11,ETF,91.08543682829398,ESPERARIA,2026-09-07
CLIN11,FII,91.0760594401695,ESPERARIA,2026-09-07
FLRY3,AÇÃO B3,90.89794161676647,ESPERARIA,2026-09-07
MCCI11,FII,90.77750489167352,ESPERARIA,2026-09-07
MSFT34,AÇÃO GLOBAL / BDR,90.55855170393517,ESPERARIA,2026-09-07
EXES11,FII,90.47685047193244,ESPERARIA,2026-09-07
MARG11,ETF,90.44682846111417,ESPERARIA,2026-09-07
VHFA11,FIAGRO,90.40718574819957,ESPERARIA,2026-09-07
SNME11,FII,90.12421809260216,ESPERARIA,2026-09-07
D1EL34,AÇÃO GLOBAL / BDR,89.98793906845034,ESPERARIA,2026-09-07
PETR3,AÇÃO B3,89.97654779726261,ESPERARIA,2026-09-07
AFHF11,FII,89.83596165739023,ESPERARIA,2026-09-07
LFIN11,ETF,89.76894984037841,ESPERARIA,2026-09-07
COCA34,AÇÃO GLOBAL / BDR,89.43755648862415,ESPERARIA,2026-09-07
CBAV3,AÇÃO B3,89.18626300031515,ESPERARIA,2026-09-07
PORD11,FII,89.17000821192858,ESPERARIA,2026-09-07
IDKA11,ETF,88.98637115779974,ESPERARIA,2026-09-07
VISA34,AÇÃO GLOBAL / BDR,88.90426481788887,ESPERARIA,2026-09-07
TMPS11,FII,88.86816356945161,ESPERARIA,2026-09-07
BMGB4,AÇÃO B3,88.66606748908198,ESPERARIA,2026-09-07
HGCR11,FII,88.57740198911159,ESPERARIA,2026-09-07
AMZO34,AÇÃO GLOBAL / BDR,88.36155570745044,ESPERARIA,2026-09-07
PACG11,ETF,88.295258152401,ESPERARIA,2026-09-07
BTCI11,FII,88.2833034256922,ESPERARIA,2026-09-07
MILS3,AÇÃO B3,87.91712824351296,ESPERARIA,2026-09-07
TRXB11,FII,87.80692184474385,ESPERARIA,2026-09-07
TXSA34,AÇÃO GLOBAL / BDR,87.80140689385802,ESPERARIA,2026-09-07
IVVB11,ETF,87.66388540674254,ESPERARIA,2026-09-07
AFHI11,FII,87.43801210499103,ESPERARIA,2026-09-07
MRCK34,AÇÃO GLOBAL / BDR,87.22486475930084,ESPERARIA,2026-09-07
MOTV3,AÇÃO B3,87.14796656686626,ESPERARIA,2026-09-07
CPUR11,FII,87.10838377079594,ESPERARIA,2026-09-07
NTNS11,ETF,86.89132527703956,ESPERARIA,2026-09-07
KNHY11,FII,86.79808033496558,ESPERARIA,2026-09-07
ALUP11,AÇÃO B3,86.72267297389027,ESPERARIA,2026-09-07
M1RN34,AÇÃO GLOBAL / BDR,86.64099794941899,ESPERARIA,2026-09-07
KNIP11,FII,86.50490890842178,ESPERARIA,2026-09-07
NEXG11,FIAGRO,86.28269694974763,ESPERARIA,2026-09-07
TAEE4,AÇÃO B3,86.20843285594802,ESPERARIA,2026-09-07
WRLD11,ETF,86.17510404653261,ESPERARIA,2026-09-07
NVDC34,AÇÃO GLOBAL / BDR,86.04527214139243,ESPERARIA,2026-09-07
OPCT3,AÇÃO B3,85.66964820359283,ESPERARIA,2026-09-07
BOL511,ETF,85.52956927242641,ESPERARIA,2026-09-07
A1NE34,AÇÃO GLOBAL / BDR,85.31386544282785,ESPERARIA,2026-09-07
GOAU4,AÇÃO B3,85.24094705326189,ESPERARIA,2026-09-07
BLFT11,ETF,84.8988458774173,ESPERARIA,2026-09-07
ISAE4,AÇÃO B3,84.77831371669616,ESPERARIA,2026-09-07
TSMC34,AÇÃO GLOBAL / BDR,84.72720828044136,ESPERARIA,2026-09-07
GGBR4,AÇÃO B3,84.16775527891585,ESPERARIA,2026-09-07
TGTB34,AÇÃO GLOBAL / BDR,84.07986095107898,ESPERARIA,2026-09-07
SPXU11,ETF,84.05080646509218,ESPERARIA,2026-09-07
SNAG11,FIAGRO,83.94154048716261,ESPERARIA,2026-09-07
EXIF11,FI-INFRA,83.66427025355597,ESPERARIA,2026-09-07
BBSE3,AÇÃO B3,83.64596202332177,ESPERARIA,2026-09-07
TMOS34,AÇÃO GLOBAL / BDR,83.44123347329362,ESPERARIA,2026-09-07
IB5M11,ETF,83.3712580855438,ESPERARIA,2026-09-07
PFIN11,FIP,83.30524634096062,ESPERARIA,2026-09-07
MULT3,AÇÃO B3,83.13358246741811,ESPERARIA,2026-09-07
BCSA34,AÇÃO GLOBAL / BDR,82.76528503075872,ESPERARIA,2026-09-07
B5P211,ETF,82.46499356499356,ESPERARIA,2026-09-07
HYPE3,AÇÃO B3,82.37342814371256,ESPERARIA,2026-09-07
CTGP34,AÇÃO GLOBAL / BDR,82.22187833219411,ESPERARIA,2026-09-07
ISTT11,ETF,81.77431346002774,ESPERARIA,2026-09-07
EGAF11,FIAGRO,81.67386039459771,ESPERARIA,2026-09-07
H1FC34,AÇÃO GLOBAL / BDR,81.66800781173713,ESPERARIA,2026-09-07
MSCD34,AÇÃO GLOBAL / BDR,81.09844155844155,ESPERARIA,2026-09-07
TECK11,ETF,81.083324140467,ESPERARIA,2026-09-07
AAGR11,FIAGRO,78.91160951183991,ESPERARIA,2026-09-07
FGAA11,FIAGRO,76.3199892273625,NAO_COMPRARIA,2026-09-07
ENDD11,FIP,75.02221191506906,NAO_COMPRARIA,2026-09-07
JURO11,FI-INFRA,74.20236549165121,NAO_COMPRARIA,2026-09-07
CPTR11,FIAGRO,73.75172262453368,NAO_COMPRARIA,2026-09-07
VGIA11,FIAGRO,71.39199632932352,NAO_COMPRARIA,2026-09-07
RZAG11,FIAGRO,68.98250144632632,NAO_COMPRARIA,2026-09-07
RIFF11,FI-INFRA,66.79342918985776,NAO_COMPRARIA,2026-09-07
PPEI11,FIP,66.64821686250257,NAO_COMPRARIA,2026-09-07
XPCA11,FIAGRO,66.6471681927903,NAO_COMPRARIA,2026-09-07
RURA11,FIAGRO,64.32919085522772,NAO_COMPRARIA,2026-09-07
