ticker,name,close,change,volume,market_cap,logo,sector,subsector,type,subtype,asset_class,turnover_proxy,price_now,ret_21d,ret_63d,ret_126d,ret_252d,volatility,max_drawdown,ma50,ma200,avg_daily_value,dividend_yield_12m,dividend_months_12m,relative_strength_6m,trend_confirm,fundamental_coverage,momentum_score,risk_score,liquidity_score,trend_score,roe,profit_margin,revenue_growth,earnings_growth,debt_to_equity,forward_pe,price_to_book,quality_score,growth_score,valuation_score,opportunity_score,income_score,class_percentile,regime,regime_score,global_opportunity_score,entry_watch_low,entry_watch_high,signal,strengths,risks
SPXR11,SPXR11,74.88,-0.58,89738.0,,https://icons.brapi.dev/icons/BRAPI.svg,Miscellaneous,,fund,etf,ETF,6719581.4399999995,74.87000274658203,0.02435362563794019,0.02435362563794019,0.1605952606926535,,0.14213411493225844,-0.08312851121537379,73.55,67.4693500137329,19273065.828175377,0.0,0.0,0.2029133528948941,True,,80.75471698113206,78.8679245283019,94.90566037735849,100.0,,,,,,,,,,,86.64150943396226,,100.0,RISK_ON,75.0,94.82830188679245,73.94841474851131,74.87000274658203,AVALIAR_COMPRA,"momentum, risco controlado, liquidez, tendência positiva",nenhum alerta quantitativo principal
JHSF3,JHSF Participações S.A.,,,,,,,,,,AÇÃO B3,,11.029999732971191,,,,,,,,,,,,,True,,,,,,,,,,,,,,,,77.1875,,100.0,RISK_ON,,94.2671875,10.595625456834211,11.029999732971191,AVALIAR_COMPRA,,
AZIN11,AZIN11,95.14,-0.4,5910.0,,https://icons.brapi.dev/icons/BRAPI.svg,Miscellaneous,,fund,fi-infra,FI-INFRA,562277.4,95.05999755859375,-0.004444708653730367,-0.007702830041419473,0.02822002879909702,0.1479763809765291,0.11158149780055014,-0.05002654642695292,96.59581512451172,93.92598136901856,1210144.7778988793,0.19250999863239124,12.0,0.0705381210013376,True,,60.817610062893074,90.56603773584905,68.30188679245282,100.0,,,,,,,,,,,83.562893081761,100.0,100.0,RISK_ON,75.0,94.2125786163522,94.14140987668338,95.05999755859375,AVALIAR_COMPRA,"risco controlado, tendência positiva",nenhum alerta quantitativo principal
ISEN11,ISEN11,117.98,0.13,32140.0,,https://icons.brapi.dev/icons/BRAPI.svg,,,fund,etf,ETF,3791877.2,117.9800033569336,0.0030607090796215264,0.023687664702243705,0.061926237419482,0.14310633081560598,0.08229559119899649,-0.019701352728119348,117.61460021972657,112.70849994659424,3736325.5661084615,0.0,0.0,0.10424432962172259,True,,71.1949685534591,96.98113207547169,83.58490566037736,100.0,,,,,,,,,,,86.14842767295596,,99.10714285714286,RISK_ON,75.0,94.1046855345912,117.13915901649997,117.9800033569336,AVALIAR_COMPRA,"risco controlado, liquidez, tendência positiva",nenhum alerta quantitativo principal
PETR4,Petróleo Brasileiro S.A. - Petrobras,,,,,,,,,,AÇÃO B3,,46.5,,,,,,,,,,,,,True,,,,,,,,,,,,,,,,75.80357142857143,,99.37888198757764,RISK_ON,,93.52102096273292,45.06474752324378,46.5,AVALIAR_COMPRA,,
VGIR11,VGIR11,9.49,-0.84,233311.0,,https://icons.brapi.dev/icons/VGIR11.svg,Miscellaneous,Multicategoria,fund,fii,FII,2214121.39,9.489999771118164,0.016135033926357067,0.016883290737468748,0.04756605039040873,0.16247867296640428,0.10993096093968623,-0.046293171971373615,9.414808540344238,9.113835430145263,4164380.325310253,0.15911486158256077,12.0,0.08267947345051863,True,,67.67295597484276,91.22641509433961,84.71698113207547,100.0,,,,,,,,,,,79.7399448396742,68.13524590163934,100.0,RISK_ON,75.0,93.44798896793483,9.399652121707632,9.489999771118164,AVALIAR_COMPRA,"risco controlado, liquidez, tendência positiva",nenhum alerta quantitativo principal
CAUT11,CAUT11,100.0,0.0,80.0,,https://icons.brapi.dev/icons/BRAPI.svg,,,fund,fidc,FIDC,8000.0,100.0,0.015111430536365988,0.0292300162458341,0.07213667517715505,,0.20234239652671906,-0.06949996948242188,98.10190536499023,94.34016128540038,229696.8373518444,0.13990516,10.0,0.11445476737939564,True,,73.83647798742139,71.0377358490566,40.18867924528302,100.0,,,,,,,,,,,78.69496855345912,100.0,100.0,RISK_ON,75.0,93.23899371069183,98.24766344345237,100.0,AVALIAR_COMPRA,tendência positiva,nenhum alerta quantitativo principal
IVVB11,IVVB11,444.01,-1.19,72719.0,,https://icons.brapi.dev/icons/BRAPI.svg,Miscellaneous,,fund,etf,ETF,32287963.189999998,443.8900146484375,0.036181982469223106,0.03321544549470423,0.10875485920103634,0.12625278245542426,0.13351829257075845,-0.1351020159373808,438.5011999511719,416.3626501464844,53796915.988957964,0.0,0.0,0.15107295140327692,True,,79.18238993710692,70.09433962264151,97.73584905660377,100.0,,,,,,,,,,,84.2317610062893,,98.21428571428571,RISK_ON,75.0,93.09635220125784,438.7573040559356,443.8900146484375,AVALIAR_COMPRA,"momentum, liquidez, tendência positiva",nenhum alerta quantitativo principal
KNCR11,KNCR11,106.4,-1.56,138382.0,,https://icons.brapi.dev/icons/BRAPI.svg,Miscellaneous,Multicategoria,fund,fii,FII,14723844.8,106.41000366210938,0.0036786175381233743,0.020109898605374932,0.06234092350740017,0.16124081853679573,0.07033271707724345,-0.03115638430501788,106.32234237670899,101.51044513702392,20704554.51364705,0.13472470168803127,12.0,0.09745434656751006,True,,70.25157232704402,97.54716981132076,95.28301886792453,100.0,,,,,,,,,,,79.33521754820084,56.45491803278688,99.59016393442623,RISK_ON,75.0,93.08015826373853,105.76186118421113,106.41000366210938,AVALIAR_COMPRA,"risco controlado, liquidez, tendência positiva",nenhum alerta quantitativo principal
JPMC34,JPMC34,183.55,-0.34,10839.0,4916194545205.195,https://icons.brapi.dev/icons/BRAPI.svg,Finance,,bdr,bdr,AÇÃO GLOBAL / BDR,1989498.4500000002,183.52000427246094,0.030027536389390486,0.2066360953649644,0.16430003809309923,0.14626847947457855,0.22901525683851645,-0.18443336976072733,178.96652770996093,164.11857536315918,6293484.176846459,0.01178778852243425,4.0,0.055545178892062896,True,False,82.38993710691824,47.45283018867924,89.05660377358491,100.0,,,,,,,,,,,71.67411320754718,,100.0,RISK_ON,85.0,92.83482264150943,179.88019641609193,183.52000427246094,AVALIAR_COMPRA,"momentum, liquidez, tendência positiva",nenhum alerta quantitativo principal
KNUQ11,KNUQ11,103.04,-1.81,44463.0,,https://icons.brapi.dev/icons/BRAPI.svg,Miscellaneous,,fund,fii,FII,4581467.5200000005,103.16000366210938,-0.009029729354370741,0.021090297707887506,0.04357561457361192,0.13131551460033686,0.07140472471562355,-0.021215608119763973,103.71397109985351,99.66724842071534,4209329.153649224,0.14317564439390393,12.0,0.07868903763372181,True,,67.23270440251572,97.83018867924528,84.90566037735849,100.0,,,,,,,,,,,79.14222342509538,61.98770491803279,99.18032786885246,RISK_ON,75.0,92.75467419321579,102.5220796793688,103.16000366210938,AVALIAR_COMPRA,"risco controlado, liquidez, tendência positiva",nenhum alerta quantitativo principal
VTRU3,Vitru Educação S.A.,,,,,,,,,,AÇÃO B3,,14.460000038146973,,,,,,,,,,,,,False,,,,,,,,,,,,,,,,76.42948717948718,,98.75776397515527,RISK_ON,,92.7270693979933,13.86239367539134,14.460000038146973,AVALIAR_COMPRA,,trend
RZLC11,RZLC11,1011.82,0.06,78.0,,https://icons.brapi.dev/icons/BRAPI.svg,,,fund,fii,FII,78921.96,1011.8200073242188,0.011769678205094225,0.036142413322697964,0.07542087297453537,0.1590918037351099,0.00874658669725869,-0.011178972275964205,997.9727648925781,956.0640075683593,829994.4379747179,0.14665442858005465,12.0,0.11053429603464526,True,,75.47169811320755,99.71698113207547,61.50943396226415,100.0,,,,,,,,,,,79.13936746056294,64.03688524590163,98.77049180327869,RISK_ON,75.0,92.46721775440767,1011.0535773173094,1011.8200073242188,AVALIAR_COMPRA,"momentum, risco controlado, tendência positiva",nenhum alerta quantitativo principal
FLRY3,Fleury S.A.,,,,,,,,,,AÇÃO B3,,19.5,,,,,,,,,,,,,True,,,,,,,,,,,,,,,,76.40625,,98.13664596273291,RISK_ON,,92.28705842391304,18.710788515194523,19.5,AVALIAR_COMPRA,,quality
AAPL34,AAPL34,83.96,1.99,169070.0,24021641158753.246,https://icons.brapi.dev/icons/BRAPI.svg,Electronic Technology,,bdr,bdr,AÇÃO GLOBAL / BDR,14195117.2,83.87999725341797,0.0872034702480382,0.07056257433908497,0.20951852680209337,0.3379020335849423,0.35999644764223154,-0.15404490810328264,80.35125717163086,73.31273639678955,25728738.6939931,0.0023006319303633086,4.0,0.10076366760105704,True,False,83.14465408805032,42.358490566037744,95.66037735849056,100.0,,,,,,,,,,,71.56237735849056,,99.19354838709677,RISK_ON,85.0,92.24795934266584,81.2649035528595,83.87999725341797,AVALIAR_COMPRA,"momentum, liquidez, tendência positiva",nenhum alerta quantitativo principal
BINC11,BINC11,102.7,-0.96,8486.0,,https://icons.brapi.dev/icons/BRAPI.svg,,,fund,etf,ETF,871512.2000000001,102.69999694824219,-0.02087903950948422,0.03506652645448871,0.06442868033668958,0.2494166691495181,0.07650141211231845,-0.03670157060148549,102.47970733642578,97.14503944396972,827571.5807456365,0.15579357814454012,11.0,0.10674677253893017,True,,73.83647798742139,96.41509433962264,61.32075471698113,100.0,,,,,,,,,,,82.9125786163522,,97.32142857142857,RISK_ON,75.0,92.20751572327045,102.01958722040929,102.69999694824219,AVALIAR_COMPRA,"risco controlado, tendência positiva",nenhum alerta quantitativo principal
SNEL11,SNEL11,8.3,0.48,214224.0,,https://icons.brapi.dev/icons/BRAPI.svg,Miscellaneous,Outros,fund,fii,FII,1778059.2000000002,8.300000190734863,0.012091938785003364,0.0217506381552941,0.03856308721880963,0.12853753109961974,0.09343008509423441,-0.03194391880148606,8.199172134399413,8.017629153728485,4549099.293657954,0.14457830993058746,12.0,0.07367651027891953,True,,65.66037735849056,94.81132075471697,85.84905660377359,100.0,,,,,,,,,,,78.67459789669039,63.217213114754095,98.36065573770492,RISK_ON,75.0,92.08737859573152,8.232842542641013,8.300000190734863,AVALIAR_COMPRA,"risco controlado, liquidez, tendência positiva",nenhum alerta quantitativo principal
PFIN11,PFIN11,61.84,-0.9,832.0,,https://icons.brapi.dev/icons/BRAPI.svg,Miscellaneous,,fund,fip,FIP,51450.880000000005,61.84000015258789,0.002269033839826573,-0.040049644360299785,0.05062867005037974,0.2326523843302828,0.19180414887527955,-0.07665241874916684,62.0,58.4415435218811,1036784.866809179,0.4873868034545711,4.0,0.09294676225262033,True,,58.74213836477987,70.66037735849056,65.66037735849056,100.0,,,,,,,,,,,72.41666666666666,75.0,100.0,RISK_ON,75.0,91.98333333333333,60.81279282034202,61.84000015258789,AVALIAR_COMPRA,tendência positiva,nenhum alerta quantitativo principal
WRLD11,WRLD11,148.55,-1.29,51421.0,,https://icons.brapi.dev/icons/BRAPI.svg,Miscellaneous,,fund,etf,ETF,7638589.550000001,148.50999450683594,0.03860401987281392,0.032753764639231964,0.08354003467238691,0.1382692811937385,0.13340917150462736,-0.10756831676519651,146.65959899902344,139.59924968719483,6023996.509610857,0.0,0.0,0.1258581268746275,True,,76.0377358490566,75.18867924528301,88.49056603773585,100.0,,,,,,,,,,,82.84245283018868,,96.42857142857143,RISK_ON,75.0,91.56849056603774,146.79417342000048,148.50999450683594,AVALIAR_COMPRA,"momentum, risco controlado, liquidez, tendência positiva",nenhum alerta quantitativo principal
SNME11,SNME11,9.38,0.75,4253.0,,https://icons.brapi.dev/icons/BRAPI.svg,,Multicategoria,fund,fii,FII,39893.14000000001,9.369999885559082,0.003212065226836147,0.044778990505476735,0.059040939227650746,0.16175978313217976,0.11581000480586393,-0.045317292770635786,9.243874111175536,8.913259902000426,295607.99546721624,0.16862326780121684,12.0,0.09415436228776064,True,,74.33962264150944,90.56603773584905,43.9622641509434,100.0,,,,,,,,,,,77.10610114444788,71.20901639344262,97.95081967213115,RISK_ON,75.0,91.48679399938138,9.276024028121563,9.369999885559082,AVALIAR_COMPRA,"risco controlado, tendência positiva",nenhum alerta quantitativo principal
BOAC34,BOAC34,79.79,-0.46,26830.0,2250030309942.8574,https://icons.brapi.dev/icons/BRAPI.svg,Finance,,bdr,bdr,AÇÃO GLOBAL / BDR,2140765.7,79.79000091552734,0.00872316630488923,0.20967255947567698,0.22227660673812455,0.19407890380128268,0.2760479570780383,-0.2091017171486863,78.73559997558594,70.62201244354247,1203826.0328370351,0.013081451159588591,4.0,0.11352174753708821,True,False,88.74213836477986,39.81132075471699,68.11320754716981,100.0,,,,,,,,,,,69.21769811320755,,98.38709677419355,RISK_ON,85.0,91.214507364577,77.88250490111464,79.79000091552734,AVALIAR_COMPRA,"momentum, tendência positiva",nenhum alerta quantitativo principal
AFHF11,AFHF11,10.04,-0.2,516.0,,https://icons.brapi.dev/icons/BRAPI.svg,,,fund,fii,FII,5180.639999999999,10.039999961853027,0.014165970901054203,0.053355438946334655,0.09216513322134734,0.1802360269587504,0.04889925520424928,-0.01671572616937822,9.869729404449464,9.374945487976074,91546.29127868773,0.16085657431635372,12.0,0.12727855628145723,True,,80.18867924528301,99.15094339622641,24.528301886792452,100.0,,,,,,,,,,,76.97861892978658,68.54508196721312,97.54098360655738,RISK_ON,75.0,91.17441231054747,9.997482572792622,10.039999961853027,AVALIAR_COMPRA,"momentum, risco controlado, tendência positiva",liquidez baixa
SPXU11,SPXU11,16.9,-1.74,4633.0,,https://icons.brapi.dev/icons/BRAPI.svg,Miscellaneous,,fund,etf,ETF,78297.7,16.850000381469727,0.04012343135299545,0.035012264790123204,0.10274873533608697,0.11737403625454901,0.13521136999348699,-0.13828496872166984,16.640399856567385,15.852549953460693,7734472.936200672,0.0,0.0,0.14506682753832756,True,,78.8050314465409,69.15094339622641,90.9433962264151,100.0,,,,,,,,,,,82.62232704402517,,95.53571428571429,RISK_ON,75.0,90.89946540880504,16.652692806021015,16.850000381469727,AVALIAR_COMPRA,"momentum, liquidez, tendência positiva",nenhum alerta quantitativo principal
VCRI11,VCRI11,7.38,0.68,15963.0,,https://icons.brapi.dev/icons/BRAPI.svg,,Outros,fund,fii,FII,117806.94,7.380000114440918,0.0179310502677128,0.035186274552426955,0.04272144617824325,0.3741224832252008,0.13937474486909393,-0.044213311053208804,7.191879301071167,6.980057117938995,230681.5508339216,0.27100270582468855,12.0,0.07783486923835314,True,,69.30817610062893,86.0377358490566,40.37735849056604,100.0,,,,,,,,,,,76.69202237344055,77.97131147540983,97.1311475409836,RISK_ON,75.0,90.83020775337664,7.2909219856190655,7.380000114440918,AVALIAR_COMPRA,"risco controlado, tendência positiva",nenhum alerta quantitativo principal
KNSC11,KNSC11,8.97,-1.86,398511.0,,https://icons.brapi.dev/icons/KNSC11.svg,Miscellaneous,Multicategoria,fund,fii,FII,3574643.6700000004,8.970000267028809,-0.0011135050910068278,0.010976822635273775,0.05873719356260998,0.1694466178624665,0.07521272396851045,-0.043924848014386786,9.002253341674805,8.568164036273956,4559909.263245795,0.12796777768438314,12.0,0.09385061662271987,True,,68.42767295597484,96.0377358490566,86.0377358490566,100.0,,,,,,,,,,,76.47755696463554,52.971311475409834,96.72131147540983,RISK_ON,75.0,90.50042942571399,8.911573156998319,8.970000267028809,AVALIAR_COMPRA,"risco controlado, liquidez, tendência positiva",nenhum alerta quantitativo principal
MSFT34,MSFT34,107.21,-2.2,174030.0,19568337634124.676,https://icons.brapi.dev/icons/BRAPI.svg,Technology Services,,bdr,bdr,AÇÃO GLOBAL / BDR,18657756.3,107.19000244140625,0.038213607953544004,0.18859934759726182,0.2097219585299186,-0.06255395052455404,0.40675277416798244,-0.3652150719561511,93.4458689880371,93.1699726486206,41514541.15002986,0.005178188145889907,4.0,0.10096709932888226,True,False,86.9811320754717,21.037735849056602,97.16981132075472,100.0,,,,,,,,,,,67.67822641509433,,97.58064516129032,RISK_ON,85.0,90.34209689592208,103.41414632919624,107.19000244140625,AVALIAR_COMPRA,"momentum, liquidez, tendência positiva",risco elevado
EXES11,EXES11,9.5,0.32,3318.0,,https://icons.brapi.dev/icons/BRAPI.svg,,Multicategoria,fund,fii,FII,31521.0,9.5,0.006255336734094952,0.044697971162836136,0.09243113025678107,0.12222692626684184,0.08311618193648983,-0.031187148766367634,9.442216911315917,8.904255518913269,81250.15685472035,0.16421052631578947,12.0,0.12754455331689096,True,,79.37106918238995,96.1320754716981,22.830188679245282,100.0,,,,,,,,,,,76.42152541499124,69.97950819672131,96.31147540983606,RISK_ON,75.0,90.20233786988348,9.43161831122856,9.5,AVALIAR_COMPRA,"momentum, risco controlado, tendência positiva",liquidez baixa
ISET11,ISET11,117.52,-0.05,908.0,,https://icons.brapi.dev/icons/BRAPI.svg,,,fund,etf,ETF,106708.16,117.5199966430664,0.008149583518308745,0.036148814497545034,0.0732419784754923,0.1462010927751649,0.10321150495468892,-0.02378051641429635,116.26740005493164,111.33474990844726,421453.47627633717,0.0,0.0,0.11556007067773288,True,,75.84905660377359,94.24528301886792,50.0,100.0,,,,,,,,,,,80.9933962264151,,94.64285714285714,RISK_ON,75.0,89.94867924528302,116.46955842877183,117.5199966430664,AVALIAR_COMPRA,"momentum, risco controlado, tendência positiva",nenhum alerta quantitativo principal
MCCI11,MCCI11,95.41,-0.2,48868.0,,https://icons.brapi.dev/icons/MCCI11.svg,,Multicategoria,fund,fii,FII,4662495.88,95.41999816894531,0.04144751069206376,0.034781866940956085,0.05708736104740386,0.2757149554235345,0.10217495492709013,-0.04050834678751358,92.85253036499023,88.84753093719482,4566610.137862191,0.1257598011975799,12.0,0.09220078410751376,True,,71.38364779874215,93.49056603773585,86.22641509433963,100.0,,,,,,,,,,,76.39517733786988,52.15163934426229,95.90163934426229,RISK_ON,75.0,89.91018300855758,94.57566375599531,95.41999816894531,AVALIAR_COMPRA,"risco controlado, liquidez, tendência positiva",nenhum alerta quantitativo principal
M1RN34,M1RN34,38.19,6.8,72946.0,291058496540.25977,https://icons.brapi.dev/icons/BRAPI.svg,Health Technology,,bdr,bdr,AÇÃO GLOBAL / BDR,2785807.7399999998,38.04999923706055,1.7275985489110166,2.0270485410375856,1.924673218113449,4.730421687071443,3.547481145119734,-0.3562292866100697,20.587600078582764,13.661650035381317,2621972.9535171874,0.0,0.0,1.8159183589124126,True,False,99.55974842767296,11.037735849056606,78.49056603773586,100.0,,,,,,,,,,,67.37849056603774,,96.7741935483871,RISK_ON,85.0,89.7176335970785,26.634999465942382,38.04999923706055,AVALIAR_COMPRA,"momentum, liquidez, tendência positiva",risco elevado
PORD11,PORD11,8.29,-1.78,39881.0,,https://icons.brapi.dev/icons/BRAPI.svg,,Multicategoria,fund,fii,FII,330613.49,8.3100004196167,0.013414708891489546,0.04252364491871741,0.07318538187812762,0.2175648192202062,0.12264944893916671,-0.04523799738375334,8.27684907913208,7.850413851737976,676485.7750305675,0.14308061852719411,12.0,0.10829880493823751,True,,76.41509433962263,89.71698113207547,56.9811320754717,100.0,,,,,,,,,,,76.12728889576245,61.7827868852459,95.49180327868852,RISK_ON,75.0,89.56972007423445,8.221733640631664,8.3100004196167,AVALIAR_COMPRA,"momentum, risco controlado, tendência positiva",nenhum alerta quantitativo principal
BTCI11,BTCI11,9.11,0.66,183296.0,,https://icons.brapi.dev/icons/BRAPI.svg,Miscellaneous,,fund,fii,FII,1669826.5599999998,9.119999885559082,0.012558546568047335,0.02039202078639124,0.05272988350744501,0.12791038343711314,0.08920231285186586,-0.034238720226016706,8.993611240386963,8.796044907569886,3255583.458571237,0.12883772091494594,12.0,0.0878433065675549,True,,68.61635220125787,94.81132075471697,82.0754716981132,100.0,,,,,,,,,,,76.04421332096092,53.790983606557376,95.08196721311475,RISK_ON,75.0,89.26621971337251,9.049546546709644,9.119999885559082,AVALIAR_COMPRA,"risco controlado, liquidez, tendência positiva",nenhum alerta quantitativo principal
ISTT11,ISTT11,1141.0,-0.64,1255.0,,https://icons.brapi.dev/icons/BRAPI.svg,,,fund,etf,ETF,1431955.0,1141.0,0.0077991429837849235,0.025903901412129837,0.05923751804667554,,0.16116036548969834,-0.06402326043130002,1136.0165991210938,1089.6971514892577,2205055.763883076,0.0,0.0,0.10155561024891613,True,,71.1949685534591,79.90566037735849,77.16981132075472,100.0,,,,,,,,,,,80.38333333333333,,93.75,RISK_ON,75.0,89.20166666666667,1125.0751804548522,1141.0,AVALIAR_COMPRA,"risco controlado, liquidez, tendência positiva",nenhum alerta quantitativo principal
COCA34,COCA34,75.64,-1.96,14963.0,1981854528374.026,https://icons.brapi.dev/icons/BRAPI.svg,Consumer Non-Durables,,bdr,bdr,AÇÃO GLOBAL / BDR,1131801.32,75.63999938964844,0.032627978015678405,0.14602164871161238,0.09514423475220779,0.2561349952674572,0.2617766584142115,-0.11285785296505557,73.32259979248047,67.04644927978515,2026232.4399845183,0.02412042589531914,4.0,-0.013610624448828545,True,False,69.87421383647799,55.56603773584905,75.28301886792454,100.0,,,,,,,,,,,66.92622641509433,,95.96774193548387,RISK_ON,85.0,89.06266463785758,73.92520099607812,75.63999938964844,AVALIAR_COMPRA,"liquidez, tendência positiva",nenhum alerta quantitativo principal
KNHY11,KNHY11,95.38,-1.75,23177.0,,https://icons.brapi.dev/icons/BRAPI.svg,Miscellaneous,Multicategoria,fund,fii,FII,2210622.26,95.37999725341797,-0.0357865040543307,-0.019283907988629556,0.019911183149958323,0.06786726398993026,0.08867436953370272,-0.0537051324386385,97.7289794921875,94.53360317230225,4153745.640317039,0.1371356718038831,12.0,0.055024606210068217,True,,56.352201257861644,92.54716981132076,84.52830188679246,100.0,,,,,,,,,,,74.23269151458913,57.27459016393443,94.67213114754098,RISK_ON,75.0,88.61703010619652,94.64753365428909,95.37999725341797,AVALIAR_COMPRA,"risco controlado, liquidez, tendência positiva",nenhum alerta quantitativo principal
GPUS11,GPUS11,119.16,-1.03,6633.0,,https://icons.brapi.dev/icons/BRAPI.svg,Miscellaneous,,fund,etf,ETF,790388.28,119.19000244140625,0.03833087804500335,0.03625461589327239,0.11019003133196748,,0.13143099485758178,-0.1314537517019,117.50380081176758,111.49650024414062,1321506.1593462022,0.0,0.0,0.15250812353420806,True,,80.18867924528301,71.60377358490567,69.24528301886792,100.0,,,,,,,,,,,79.86320754716982,,92.85714285714286,RISK_ON,75.0,88.47264150943397,117.8333510779333,119.19000244140625,AVALIAR_COMPRA,"momentum, tendência positiva",nenhum alerta quantitativo principal
S2NW34,S2NW34,41.13,-4.37,3326.0,596746168748.052,https://icons.brapi.dev/icons/BRAPI.svg,Technology Services,,bdr,bdr,AÇÃO GLOBAL / BDR,136798.38,41.130001068115234,0.03445681097627373,0.37054317742161924,0.9165891343338768,0.26126955836545207,0.4399771973727502,-0.5776699278828843,37.6297998046875,28.521649894714354,1933635.9624126374,0.0,0.0,0.8078342751328405,True,False,97.86163522012578,13.679245283018869,73.77358490566037,100.0,,,,,,,,,,,66.73822641509433,,95.16129032258065,RISK_ON,85.0,88.46054850882531,39.56281875578275,41.130001068115234,AVALIAR_COMPRA,"momentum, tendência positiva",risco elevado
ALZC11,ALZC11,7.46,0.27,8541.0,,https://icons.brapi.dev/icons/BRAPI.svg,,,fund,fii,FII,63715.86,7.460000038146973,0.015249883564030231,0.03863518071009375,0.030967332088728483,0.17541944050356983,0.13089285667274847,-0.04636587983295282,7.279674425125122,7.17360671043396,210162.82178165799,0.16313672838831472,12.0,0.06608075514883838,True,,68.55345911949685,87.35849056603773,38.67924528301887,100.0,,,,,,,,,,,74.00439478296732,69.36475409836066,94.26229508196722,RISK_ON,75.0,88.28448551397052,7.375436059581375,7.460000038146973,AVALIAR_COMPRA,"risco controlado, tendência positiva",nenhum alerta quantitativo principal
F1TN34,F1TN34,69.02,-6.26,11146.0,651499554358.4417,https://icons.brapi.dev/icons/BRAPI.svg,Technology Services,,bdr,bdr,AÇÃO GLOBAL / BDR,769296.9199999999,69.0199966430664,-0.003896727794679977,0.1147540276585417,0.9405810295349817,0.9364974646399769,0.47230140806385185,-0.1818451857910829,68.05833312988281,47.25419954299927,387425.1150349208,0.0,0.0,0.8318261703339453,True,False,93.96226415094338,32.264150943396224,48.867924528301884,100.0,,,,,,,,,,,66.57860377358489,,94.35483870967742,RISK_ON,85.0,87.86410785149117,66.19690610871558,69.0199966430664,AVALIAR_COMPRA,"momentum, tendência positiva",risco elevado
TMPS11,TMPS11,72.38,-0.17,5760.0,,https://icons.brapi.dev/icons/BRAPI.svg,,Outros,fund,fii,FII,416908.8,72.37999725341797,-0.015238132606558263,0.002278820984296326,0.04348224445137383,0.20111200769411286,0.1999546730101984,-0.06410261212937862,72.8118325805664,69.63231328964234,223466.76838950504,0.3238463786884587,12.0,0.07859566751148372,True,,64.77987421383648,72.45283018867924,40.0,100.0,,,,,,,,,,,73.24090885658315,78.99590163934425,93.85245901639344,RISK_ON,75.0,87.84490308279203,71.12662304926282,72.37999725341797,AVALIAR_COMPRA,tendência positiva,nenhum alerta quantitativo principal
SPYI11,SPYI11,108.34,-1.11,10399.0,,https://icons.brapi.dev/icons/BRAPI.svg,Miscellaneous,,fund,etf,ETF,1126627.6600000001,108.2699966430664,0.01970271818643199,0.03587641162159372,0.06427889287483657,0.0936527646990779,0.11741547818802171,-0.12637269178301858,106.90847900390625,102.94660648345948,1969531.034752982,0.1206561688836681,12.0,0.10659698507707716,True,,73.9622641509434,75.0,74.33962264150942,100.0,,,,,,,,,,,79.51792452830189,,91.96428571428571,RISK_ON,75.0,87.77858490566037,107.16905548934488,108.2699966430664,AVALIAR_COMPRA,"risco controlado, tendência positiva",nenhum alerta quantitativo principal
KNIP11,KNIP11,89.22,-2.27,85765.0,,https://icons.brapi.dev/icons/KNIP11.svg,Miscellaneous,Multicategoria,fund,fii,FII,7651953.3,89.22000122070312,-0.005462020608295148,-0.019762513211429522,0.04531031589094181,0.14506082629288364,0.11547779140448268,-0.043302556688656346,90.35818237304687,87.11441139221192,9974503.818538848,0.11387581104002961,12.0,0.0804237389510517,True,,61.25786163522012,91.22641509433961,92.45283018867924,100.0,,,,,,,,,,,73.17086039797917,47.84836065573771,93.44262295081968,RISK_ON,75.0,87.54400814516961,88.32774142280493,89.22000122070312,AVALIAR_COMPRA,"risco controlado, liquidez, tendência positiva",nenhum alerta quantitativo principal
AMZO34,AMZO34,65.59,-2.25,610635.0,14555640451875.324,https://icons.brapi.dev/icons/BRAPI.svg,Retail Trade,,bdr,bdr,AÇÃO GLOBAL / BDR,40051549.65,65.58000183105469,-0.09582237784658576,0.03389565687426721,0.19236366965553975,0.0466007339730814,0.3836657548181906,-0.23136321448819153,64.99159980773926,61.98794986724854,55457261.77529356,0.0,0.0,0.08360881045450341,True,False,77.16981132075472,30.37735849056604,98.11320754716981,100.0,,,,,,,,,,,66.39592452830189,,93.54838709677419,RISK_ON,85.0,87.26305587340232,63.401012554856216,65.58000183105469,AVALIAR_COMPRA,"momentum, liquidez, tendência positiva",risco elevado
AFHI11,AFHI11,93.37,-0.46,4951.0,,https://icons.brapi.dev/icons/BRAPI.svg,,Multicategoria,fund,fii,FII,462274.87,93.37000274658203,0.0020711709866076955,0.006434649227118339,0.03934510571122929,0.14509836761962158,0.050074993286438885,-0.019295247173128915,93.3529849243164,90.83677032470703,705269.3794433351,0.12906186832516858,12.0,0.07445852877133918,True,,64.0880503144654,98.8679245283019,58.30188679245283,100.0,,,,,,,,,,,73.0679528817404,53.99590163934427,93.0327868852459,RISK_ON,75.0,87.23654139602021,92.96509237326113,93.37000274658203,AVALIAR_COMPRA,"risco controlado, tendência positiva",nenhum alerta quantitativo principal
VWRA11,VWRA11,114.05,-1.0,15560.0,,https://icons.brapi.dev/icons/BRAPI.svg,Miscellaneous,,fund,etf,ETF,1774618.0,114.0,0.026472199766213178,0.03307658882056885,0.09552184004049469,,0.1346249613052997,-0.11078476395513981,112.20560012817383,106.52439998626708,1167173.8392834133,0.0,0.0,0.13783993224273527,True,,77.73584905660378,74.0566037735849,67.73584905660377,100.0,,,,,,,,,,,79.39528301886793,,91.07142857142857,RISK_ON,75.0,87.12905660377358,112.67088954419769,114.0,AVALIAR_COMPRA,"momentum, tendência positiva",nenhum alerta quantitativo principal
HGCR11,HGCR11,94.38,-0.97,17622.0,,https://icons.brapi.dev/icons/BRAPI.svg,Miscellaneous,Outros,fund,fii,FII,1663164.3599999999,94.47000122070312,0.032459029734460465,0.007442172058826246,0.05225627066665006,0.16194177891301376,0.12295934653669399,-0.07561366345564613,91.29984985351562,90.97783363342285,3151087.5989204287,0.12490737638959644,12.0,0.08736969372675996,True,,66.9182389937107,85.18867924528303,80.9433962264151,100.0,,,,,,,,,,,73.0569723682854,51.94672131147541,92.62295081967213,RISK_ON,75.0,86.94746004742757,93.46402874287588,94.47000122070312,AVALIAR_COMPRA,"risco controlado, liquidez, tendência positiva",nenhum alerta quantitativo principal
NEXG11,NEXG11,129.89,-0.08,813.0,,https://icons.brapi.dev/icons/BRAPI.svg,,Outros,fund,fi-agro,FIAGRO,105600.56999999999,129.88999938964844,0.0547963130266953,-0.002360940654073773,0.041548282549855875,0.09741515147120205,0.30549646476750514,-0.11742709709533694,129.44841079711915,126.1092964553833,261960.87451196095,0.08522596082853029,12.0,0.08386637475209646,True,,64.15094339622642,50.56603773584906,42.64150943396226,100.0,,,,,,,,,,,57.75550314465409,40.833333333333336,96.66666666666667,RISK_ON,75.0,86.7177672955975,126.45352956017321,129.88999938964844,AVALIAR_COMPRA,tendência positiva,nenhum alerta quantitativo principal
NVDC34,NVDC34,23.51,-1.09,2681970.0,27640508938083.117,https://icons.brapi.dev/icons/BRAPI.svg,Electronic Technology,,bdr,bdr,AÇÃO GLOBAL / BDR,63053114.7,23.489999771118164,0.06337707600089182,0.02981150026728807,0.18616976346673897,0.15707591992304915,0.3859148789651414,-0.2197139736641457,22.34080005645752,21.165238761901854,107291666.14864834,0.0009024691445959471,4.0,0.07741490426570263,True,False,75.28301886792453,31.320754716981135,99.43396226415095,100.0,,,,,,,,,,,66.0855471698113,,92.74193548387096,RISK_ON,85.0,86.63646427267193,22.70493558198336,23.489999771118164,AVALIAR_COMPRA,"momentum, liquidez, tendência positiva",risco elevado
SAPI11,SAPI11,8.77,-0.79,4436.0,,https://icons.brapi.dev/icons/BRAPI.svg,,Multicategoria,fund,fii,FII,38903.72,8.770000457763672,-0.029867201905829477,-0.008497518821109828,0.010700708346842669,0.19276340130385372,0.08854555253313354,-0.0418963756589501,8.919283466339111,8.60040498971939,181605.0222085014,0.1639452594015754,12.0,0.04581413140695256,True,,56.855345911949684,94.62264150943396,35.283018867924525,100.0,,,,,,,,,,,72.59904371584699,69.77459016393442,92.21311475409836,RISK_ON,75.0,86.56898907103823,8.702749728207548,8.770000457763672,AVALIAR_COMPRA,"risco controlado, tendência positiva",nenhum alerta quantitativo principal
ACWI11,ACWI11,17.33,-1.03,12789.0,,https://icons.brapi.dev/icons/BRAPI.svg,Miscellaneous,,fund,etf,ETF,221633.36999999997,17.329999923706055,0.038346277361852366,0.03032106053121808,0.0865203843851643,0.14238627795312442,0.1328356420566597,-0.1121775571086151,17.104599990844726,16.270950031280517,1387264.5446349855,0.0,0.0,0.12883847658740488,True,,76.16352201257861,74.33962264150944,70.0,100.0,,,,,,,,,,,79.32893081761006,,90.17857142857143,RISK_ON,75.0,86.49078616352202,17.13063726731217,17.329999923706055,AVALIAR_COMPRA,"momentum, tendência positiva",nenhum alerta quantitativo principal
CPUR11,CPUR11,10.89,1.4,857990.0,,https://icons.brapi.dev/icons/BRAPI.svg,,,fund,fii,FII,9343511.1,10.890000343322754,0.022351359430899276,0.0692772003816775,0.105863306534282,0.18390213512044373,0.14424535711765119,-0.058500751810589224,10.546250400543213,10.101299195289611,1003789.078852714,0.10642791216353319,12.0,0.1409767295943919,True,,82.9559748427673,83.39622641509433,64.52830188679245,100.0,,,,,,,,,,,72.28975925353129,45.38934426229508,91.80327868852459,RISK_ON,75.0,86.22024693267346,10.753962302607992,10.890000343322754,AVALIAR_COMPRA,"momentum, risco controlado, tendência positiva",nenhum alerta quantitativo principal
MRCK34,MRCK34,95.72,-0.41,1472.0,1893762424015.5842,https://icons.brapi.dev/icons/BRAPI.svg,Health Technology,,bdr,bdr,AÇÃO GLOBAL / BDR,140899.84,95.70999908447266,0.17898495595805608,0.3174465216984472,0.22163091594898732,0.7358263196933021,0.42822477910594187,-0.14765607070076847,85.64539978027344,75.71237485885621,255617.17911723303,0.01607250041494947,4.0,0.11287605674795098,True,False,90.18867924528301,39.433962264150935,42.26415094339623,100.0,,,,,,,,,,,66.04475471698112,,91.93548387096774,RISK_ON,85.0,86.06378965307366,92.16055991354219,95.70999908447266,AVALIAR_COMPRA,"momentum, tendência positiva",nenhum alerta quantitativo principal
RZAT11,RZAT11,89.15,-2.52,4894.0,,https://icons.brapi.dev/icons/BRAPI.svg,,Multicategoria,fund,fii,FII,436300.10000000003,89.11000061035156,-0.016931420181553913,-0.038923360895578796,0.05837879687722869,0.1888599314848185,0.1542523555892243,-0.08495871970806446,89.85739120483399,85.73954315185547,721717.7335150583,0.15767029406088756,12.0,0.09349221993733858,True,,59.496855345911946,75.9433962264151,59.056603773584904,100.0,,,,,,,,,,,71.6824028250335,67.72540983606558,91.39344262295081,RISK_ON,75.0,85.81189040107228,87.91961167020288,89.11000061035156,AVALIAR_COMPRA,"risco controlado, tendência positiva",nenhum alerta quantitativo principal
IFRI11,IFRI11,99.95,-0.79,9131.0,,https://icons.brapi.dev/icons/BRAPI.svg,,,fund,etf,ETF,912643.4500000001,99.94999694824219,-0.010494061633210094,0.0014064863174105824,0.022966894987865638,0.15825183679957733,0.12702368960514254,-0.0406507525131079,100.48706604003907,97.14939105987548,1972638.261669825,0.14557279083794797,11.0,0.06528498719010623,True,,61.25786163522012,89.52830188679246,74.52830188679245,100.0,,,,,,,,,,,79.02798742138364,,89.28571428571429,RISK_ON,75.0,85.80559748427673,98.85048958971886,99.94999694824219,AVALIAR_COMPRA,"risco controlado, tendência positiva",nenhum alerta quantitativo principal
TXSA34,TXSA34,284.4,-0.32,1025.0,55904347148.05195,https://icons.brapi.dev/icons/BRAPI.svg,Non-Energy Minerals,,bdr,bdr,AÇÃO GLOBAL / BDR,291510.0,284.3999938964844,0.12406624272228228,0.07548022716230607,0.3330289900886996,0.6800341226940523,0.3898938522132612,-0.20015885435600222,252.2173992919922,223.07268424987794,566340.7514771961,0.03969201913593832,2.0,0.22427413088766324,True,False,89.62264150943396,33.77358490566037,54.339622641509436,100.0,,,,,,,,,,,66.03411320754716,,91.12903225806451,RISK_ON,85.0,85.49714522215459,274.7970011287345,284.3999938964844,AVALIAR_COMPRA,"momentum, tendência positiva",risco elevado
GCRI11,GCRI11,66.41,0.24,547.0,,https://icons.brapi.dev/icons/BRAPI.svg,,Multicategoria,fund,fii,FII,36326.27,66.41000366210938,0.030150312495192066,0.016824195029501388,0.052919393923338776,0.22555023623665837,0.15211954632900299,-0.06928199761508702,65.299301071167,62.55113180160522,164088.8564157032,0.15253726007215587,12.0,0.08803281698344867,True,,68.36477987421385,80.28301886792453,33.58490566037736,100.0,,,,,,,,,,,71.19876533663265,66.90573770491804,90.98360655737704,RISK_ON,75.0,85.42827765749045,65.53512231469378,66.41000366210938,AVALIAR_COMPRA,"risco controlado, tendência positiva",liquidez baixa
BTLG11,BTLG11,98.85,-0.25,98671.0,,https://icons.brapi.dev/icons/BRAPI.svg,Miscellaneous,Multicategoria,fund,fii,FII,9753628.35,98.87000274658203,-0.013092747625658596,-0.016552897009306178,0.003288866550722913,0.08559759730980732,0.07564516768407131,-0.04385955780347062,99.8642495727539,98.81778026580811,12965160.875841897,0.09694670510496532,12.0,0.03840228961083281,True,,54.21383647798742,96.0377358490566,93.20754716981132,100.0,,,,,,,,,,,70.82974275698527,41.700819672131146,90.57377049180327,RISK_ON,75.0,85.06758789565934,98.22229906167793,98.87000274658203,AVALIAR_COMPRA,"risco controlado, liquidez, tendência positiva",nenhum alerta quantitativo principal
SVAL11,SVAL11,152.5,-1.72,1598.0,,https://icons.brapi.dev/icons/BRAPI.svg,Miscellaneous,,fund,etf,ETF,243695.0,152.5,0.008597903955003483,0.0522321652299631,0.09014225938501697,0.17988394584139256,0.15256338622375068,-0.08361500774308561,154.1342007446289,142.61405033111572,428524.1867983379,0.0,0.0,0.13246035158725755,True,,80.12578616352202,76.88679245283019,50.37735849056604,100.0,,,,,,,,,,,77.87138364779875,,88.39285714285714,RISK_ON,75.0,84.94927672955974,150.48511253560355,152.5,AVALIAR_COMPRA,"momentum, risco controlado, tendência positiva",nenhum alerta quantitativo principal
AIRB34,AIRB34,46.81,-4.45,6479.0,569919564846.7533,https://icons.brapi.dev/icons/BRAPI.svg,Consumer Services,,bdr,bdr,AÇÃO GLOBAL / BDR,303281.99,46.810001373291016,0.21932800514482342,0.3845016111200057,0.337810778160047,0.3283200665082262,0.5335627542859169,-0.22761099721293154,41.35599998474121,35.853900079727175,481105.7336685544,0.0,0.0,0.22905591895901067,True,False,95.66037735849056,25.18867924528302,52.45283018867924,100.0,,,,,,,,,,,65.89222641509433,,90.32258064516128,RISK_ON,85.0,84.90425173463176,44.64700998022236,46.810001373291016,AVALIAR_COMPRA,"momentum, tendência positiva",risco elevado
AURB11,AURB11,83.0,0.0,194790.0,,https://icons.brapi.dev/icons/BRAPI.svg,,Logística,fund,fii,FII,16167570.0,83.0,0.004795858078067594,0.050083768472185985,0.14023973491123276,0.2307090818589077,0.05376969160696183,-0.09444285019767018,81.3722200012207,76.83974983215332,972626.5075461979,0.07270124096385541,12.0,0.17535315797134265,True,,83.77358490566039,87.16981132075472,63.96226415094339,100.0,,,,,,,,,,,70.45150788741108,36.37295081967213,90.1639344262295,RISK_ON,75.0,84.70505567584287,82.61350287325214,83.0,AVALIAR_COMPRA,"momentum, risco controlado, tendência positiva",nenhum alerta quantitativo principal
TJKB11,TJKB11,250.08,0.0,37.0,,https://icons.brapi.dev/icons/TJKB11.svg,,Hospital,fund,fii,FII,9252.960000000001,250.0800018310547,0.0033308572343007103,0.03038674797311236,0.04623419684091612,0.12169648037272429,0.08391981569469184,-0.08096533832416875,247.31121948242188,241.48192375183106,181336.62691800555,0.13635636496450748,12.0,0.08134761990102601,True,,69.37106918238993,88.77358490566039,35.094339622641506,100.0,,,,,,,,,,,70.28709918548304,56.86475409836065,89.75409836065575,RISK_ON,75.0,84.38528868955564,248.26250309739623,250.0800018310547,AVALIAR_COMPRA,"risco controlado, tendência positiva",nenhum alerta quantitativo principal
DOLA11,DOLA11,10.21,-0.68,88302.0,,https://icons.brapi.dev/icons/BRAPI.svg,Miscellaneous,,fund,etf,ETF,901563.42,10.210000038146973,0.01693227857966728,0.03760161380300109,0.018962033104108933,,0.11560507068406034,-0.10800743688389658,10.154400005340577,10.11449999809265,1729933.027878186,0.0,0.0,0.06128012530634952,True,,66.28930817610063,78.86792452830188,72.64150943396226,100.0,,,,,,,,,,,77.57106918238993,,87.5,RISK_ON,75.0,84.26421383647798,10.107780654257972,10.210000038146973,AVALIAR_COMPRA,"risco controlado, tendência positiva",nenhum alerta quantitativo principal
VISA34,VISA34,96.83,-0.97,6777.0,3679489596244.156,https://icons.brapi.dev/icons/BRAPI.svg,Finance,,bdr,bdr,AÇÃO GLOBAL / BDR,656216.91,96.83000183105469,0.03314955939923214,0.21860000579933558,0.14302926257841286,0.03652556183340305,0.29868204216401373,-0.23021033927575663,92.4451741027832,86.17203330993652,1941726.4866615175,0.005526262417444091,4.0,0.03427440337737653,True,False,79.87421383647799,35.471698113207545,73.9622641509434,100.0,,,,,,,,,,,65.39916981132076,,89.51612903225806,RISK_ON,85.0,84.2411242848448,94.3253366188743,96.83000183105469,AVALIAR_COMPRA,"momentum, tendência positiva",nenhum alerta quantitativo principal
TRXB11,TRXB11,176.52,-4.58,26.0,,https://icons.brapi.dev/icons/BRAPI.svg,Miscellaneous,Multicategoria,fund,fii,FII,4589.52,176.52000427246094,-0.045837814743454386,0.04782144197992011,0.042504881384628934,0.4467245114775551,0.5232637655367796,-0.16754200401746155,181.57563049316406,164.9466939163208,2852039.2355935234,0.19662314275966067,12.0,0.07761830444473883,True,,71.38364779874213,33.490566037735846,79.43396226415095,100.0,,,,,,,,,,,70.2809026703784,74.48770491803279,89.34426229508196,RISK_ON,75.0,84.09716414063305,168.52082881023912,176.52000427246094,AVALIAR_COMPRA,"liquidez, tendência positiva",risco elevado
HTMX11,HTMX11,134.81,-1.58,1276.0,,https://icons.brapi.dev/icons/BRAPI.svg,Miscellaneous,Hotel,fund,fii,FII,172017.56,135.07000732421875,-0.018172565725813383,0.04805624206878889,0.04042568846331318,0.09124599710260894,0.12479443022600085,-0.08533444232488463,136.62669525146484,132.23285999298096,448060.4145541721,0.12711926459577033,12.0,0.07553911152342307,True,,71.0062893081761,81.88679245283019,51.698113207547166,100.0,,,,,,,,,,,70.03243375605732,52.76639344262295,88.9344262295082,RISK_ON,75.0,83.7605851118672,133.61023623687632,135.07000732421875,AVALIAR_COMPRA,"risco controlado, tendência positiva",nenhum alerta quantitativo principal
W1AB34,W1AB34,770.18,0.48,105.0,250891823750.64935,https://icons.brapi.dev/icons/BRAPI.svg,Producer Manufacturing,,bdr,bdr,AÇÃO GLOBAL / BDR,80868.9,770.1799926757812,0.03970514976923778,0.19895060470921444,0.2047297942380546,0.44838539134299427,0.3152512488832524,-0.05241162101516539,728.7883923339843,643.4815838623047,3598.8989994109625,0.0027870887590086056,4.0,0.09597493503701826,True,False,86.72955974842768,62.64150943396226,2.8301886792452833,100.0,,,,,,,,,,,65.2271320754717,,88.70967741935483,RISK_ON,85.0,83.64220060864272,749.1528781568315,770.1799926757812,AVALIAR_COMPRA,"momentum, tendência positiva",liquidez baixa
ENDD11,ENDD11,109.16,0.33,741.0,,https://icons.brapi.dev/icons/BRAPI.svg,,,fund,fip,FIP,80887.56,109.16000366210938,0.0014679235055905515,0.053595923648827926,0.07287989015515328,0.19963913113106058,0.0835987730406876,-0.05128211601728205,108.43308425903321,102.36051361083985,215572.9518168616,0.15624336229222902,2.0,0.11519798235739387,True,,78.23899371069183,93.77358490566039,39.05660377358491,100.0,,,,,,,,,,,69.58962264150944,41.66666666666667,88.88888888888889,RISK_ON,75.0,83.64014675052411,108.36969985017228,109.16000366210938,AVALIAR_COMPRA,"momentum, risco controlado, tendência positiva",nenhum alerta quantitativo principal
GOAT11,GOAT11,57.78,-0.02,4216.0,,https://icons.brapi.dev/icons/BRAPI.svg,Miscellaneous,,fund,etf,ETF,243600.48,57.779998779296875,0.027565343227440087,0.02537711346758087,0.05322636048958285,,0.060659714000720864,-0.029815205926673527,56.83859992980957,55.163950004577636,158523.7237368387,0.0,0.0,0.09554445269182343,True,,70.062893081761,98.01886792452831,33.0188679245283,100.0,,,,,,,,,,,76.9305031446541,,86.60714285714286,RISK_ON,75.0,83.51110062893082,57.476463959279066,57.779998779296875,AVALIAR_COMPRA,"risco controlado, tendência positiva",liquidez baixa
BBRC11,BBRC11,101.82,-0.28,361.0,,https://icons.brapi.dev/icons/BRAPI.svg,,Outros,fund,fii,FII,36757.02,101.81999969482422,-0.017181455651676614,0.0015073920519081963,0.040223559484461546,0.20033481565666578,0.09772849852569514,-0.05401013626108664,102.51082138061524,97.7018244934082,70443.82527184865,0.14486348501481858,12.0,0.07533698254457144,True,,63.39622641509434,91.69811320754717,21.32075471698113,100.0,,,,,,,,,,,69.87192236313021,63.42213114754098,88.52459016393442,RISK_ON,75.0,83.44159758738013,100.95824243748122,101.81999969482422,AVALIAR_COMPRA,"risco controlado, tendência positiva",liquidez baixa
EXIF11,EXIF11,10.23,0.0,4.0,,https://icons.brapi.dev/icons/BRAPI.svg,,,fund,fi-infra,FI-INFRA,40.92,10.229999542236328,0.010860767488204637,0.042337112051998416,0.04740343459111074,0.14805595553387452,0.369872134855355,-0.10910915155038936,10.135579299926757,9.781652822494507,363.9012103005061,0.13294233243950832,11.0,0.08972152679335132,True,,72.64150943396227,48.20754716981132,0.5660377358490566,100.0,,,,,,,,,,,64.13679245283018,85.0,90.0,RISK_ON,75.0,83.32735849056603,9.902313562669088,10.229999542236328,AVALIAR_COMPRA,tendência positiva,liquidez baixa
HBCR11,HBCR11,152.0,-0.99,10999.0,,https://icons.brapi.dev/icons/BRAPI.svg,,Multicategoria,fund,fii,FII,1671848.0,152.0,-0.006276194245094513,0.05275232387683637,0.13592841698012204,0.30445543857567703,0.08752808971591702,-0.07482992621370232,149.58208465576172,139.10878059387207,6127904.584544106,0.09786842105263156,11.0,0.17104184004023193,True,,83.9622641509434,90.0,88.67924528301887,100.0,,,,,,,,,,,69.13779771110424,20.08196721311475,88.11475409836066,RISK_ON,75.0,83.00788741107331,150.84781645157165,152.0,AVALIAR_COMPRA,"momentum, risco controlado, liquidez, tendência positiva",nenhum alerta quantitativo principal
